match_id,date,daily_match_no,is_win,player_name,position,kills,deaths,assists
1,2020.08.20,1,True,티모,탑,5,7,8.0
1,2020.08.20,1,False,오공,탑,12,10,6.0
1,2020.08.20,1,True,녹턴,정글,8,7,5.0
1,2020.08.20,1,False,볼리베어,정글,5,4,12.0
1,2020.08.20,1,True,요네,미드,17,4,9.0
1,2020.08.20,1,False,카타리나,미드,9,9,6.0
1,2020.08.20,1,True,애쉬,원딜,7,10,11.0
1,2020.08.20,1,False,이즈리얼,원딜,6,8,7.0
1,2020.08.20,1,True,샤코,서폿,6,5,14.0
1,2020.08.20,1,False,소나,서폿,1,12,
2,2020.08.21,1,True,레넥톤,탑,7,3,9.0
2,2020.08.21,1,False,나서스,탑,5,6,4.0
2,2020.08.21,1,True,카직스,정글,13,4,10.0
2,2020.08.21,1,False,리 신,정글,2,7,7.0
2,2020.08.21,1,True,아리,미드,5,0,10.0
2,2020.08.21,1,False,판테온,미드,2,7,4.0
2,2020.08.21,1,True,자야,원딜,7,3,13.0
2,2020.08.21,1,False,드레이븐,원딜,4,8,1.0
2,2020.08.21,1,True,레오나,서폿,4,4,10.0
2,2020.08.21,1,False,소나,서폿,0,8,5.0
3,2020.08.21,2,True,나르,탑,4,0,3.0
3,2020.08.21,2,False,렝가,탑,1,5,1.0
3,2020.08.21,2,True,바이,정글,4,2,8.0
3,2020.08.21,2,False,리 신,정글,4,7,2.0
3,2020.08.21,2,True,사일러스,미드,10,3,3.0
3,2020.08.21,2,False,요네,미드,1,6,2.0
3,2020.08.21,2,True,이즈리얼,원딜,6,1,2.0
3,2020.08.21,2,False,코그모,원딜,1,3,1.0
3,2020.08.21,2,True,룰루,서폿,0,1,6.0
3,2020.08.21,2,False,소나,서폿,0,3,1.0
4,2020.08.22,1,True,샤코,탑,7,3,5.0
4,2020.08.22,1,False,나서스,탑,6,4,0.0
4,2020.08.22,1,True,녹턴,정글,7,3,3.0
4,2020.08.22,1,False,뽀삐,정글,6,7,7.0
4,2020.08.22,1,True,조이,미드,11,3,7.0
4,2020.08.22,1,False,럭스,미드,1,10,3.0
4,2020.08.22,1,True,코그모,원딜,4,4,12.0
4,2020.08.22,1,False,애쉬,원딜,3,9,2.0
4,2020.08.22,1,True,벨코즈,서폿,13,4,15.0
4,2020.08.22,1,False,이즈리얼,서폿,1,12,0.0
5,2020.08.22,2,True,모데카이저,탑,12,0,5.0
5,2020.08.22,2,False,카밀,탑,0,6,1.0
5,2020.08.22,2,True,이블린,정글,3,2,9.0
5,2020.08.22,2,False,누누와 윌럼프,정글,2,8,9.0
5,2020.08.22,2,True,녹턴,미드,11,6,3.0
5,2020.08.22,2,False,카타리나,미드,12,9,4.0
5,2020.08.22,2,True,케이틀린,원딜,9,7,7.0
5,2020.08.22,2,False,드레이븐,원딜,5,8,7.0
5,2020.08.22,2,True,레오나,서폿,3,5,11.0
5,2020.08.22,2,False,소나,서폿,1,7,8.0
6,2020.09.02,1,True,녹턴,탑,3,7,3.0
6,2020.09.02,1,False,레넥톤,탑,6,4,7.0
6,2020.09.02,1,True,볼리베어,정글,3,4,10.0
6,2020.09.02,1,False,뽀삐,정글,4,4,10.0
6,2020.09.02,1,True,르블랑,미드,6,7,9.0
6,2020.09.02,1,False,카타리나,미드,8,13,3.0
6,2020.09.02,1,True,진,원딜,16,2,6.0
6,2020.09.02,1,False,드레이븐,원딜,6,5,5.0
6,2020.09.02,1,True,노틸러스,서폿,2,6,10.0
6,2020.09.02,1,False,소나,서폿,2,4,11.0
7,2020.09.02,2,True,다리우스,탑,2,2,1.0
7,2020.09.02,2,False,가렌,탑,2,3,0.0
7,2020.09.02,2,True,카직스,정글,6,2,6.0
7,2020.09.02,2,False,샤코,정글,2,5,0.0
7,2020.09.02,2,True,사일러스,미드,12,0,2.0
7,2020.09.02,2,False,럭스,미드,0,7,0.0
7,2020.09.02,2,True,드레이븐,원딜,5,1,2.0
7,2020.09.02,2,False,애쉬,원딜,1,5,0.0
7,2020.09.02,2,True,소라카,서폿,2,0,11.0
7,2020.09.02,2,False,노틸러스,서폿,0,7,0.0
8,2020.09.02,3,True,가렌,탑,1,1,0.0
8,2020.09.02,3,False,다리우스,탑,1,1,0.0
8,2020.09.02,3,True,이블린,정글,4,0,2.0
8,2020.09.02,3,False,피들스틱,정글,0,5,0.0
8,2020.09.02,3,True,트위스티드 페이트,미드,0,0,6.0
8,2020.09.02,3,False,루시안,미드,0,3,0.0
8,2020.09.02,3,True,케이틀린,원딜,6,1,2.0
8,2020.09.02,3,False,케이틀린,원딜,2,1,0.0
8,2020.09.02,3,True,벨코즈,서폿,4,1,6.0
8,2020.09.02,3,False,블리츠크랭크,서폿,0,5,2.0
9,2020.09.02,4,True,가렌,탑,1,1,0.0
9,2020.09.02,4,False,다리우스,탑,1,1,0.0
9,2020.09.02,4,True,누누와 윌럼프,정글,4,2,9.0
9,2020.09.02,4,False,이블린,정글,4,6,1.0
9,2020.09.02,4,True,드레이븐,미드,4,1,4.0
9,2020.09.02,4,False,녹턴,미드,1,3,2.0
9,2020.09.02,4,True,애쉬,원딜,7,1,6.0
9,2020.09.02,4,False,미스 포츈,원딜,1,7,2.0
9,2020.09.02,4,True,벨코즈,서폿,5,2,7.0
9,2020.09.02,4,False,조이,서폿,0,4,1.0
10,2021.01.01,1,True,녹턴,탑,10,3,4.0
10,2021.01.01,1,False,다리우스,탑,3,10,1.0
10,2021.01.01,1,True,킨드레드,정글,3,2,5.0
10,2021.01.01,1,False,자르반 4세,정글,4,7,4.0
10,2021.01.01,1,True,카타리나,미드,12,1,9.0
10,2021.01.01,1,False,사일러스,미드,5,8,5.0
10,2021.01.01,1,True,케이틀린,원딜,18,3,12.0
10,2021.01.01,1,False,애쉬,원딜,0,8,4.0
10,2021.01.01,1,True,노틸러스,서폿,2,3,15.0
10,2021.01.01,1,False,노틸러스,서폿,0,12,6.0
11,2021.01.01,2,True,세트,탑,8,5,9.0
11,2021.01.01,2,False,탐 켄치,탑,8,8,13.0
11,2021.01.01,2,True,리 신,정글,17,6,10.0
11,2021.01.01,2,False,녹턴,정글,12,8,16.0
11,2021.01.01,2,True,볼리베어,미드,3,9,17.0
11,2021.01.01,2,False,말파이트,미드,7,6,10.0
11,2021.01.01,2,True,베인,원딜,16,8,8.0
11,2021.01.01,2,False,루시안,원딜,6,12,13.0
11,2021.01.01,2,True,노틸러스,서폿,0,7,22.0
11,2021.01.01,2,False,레오나,서폿,2,10,12.0
12,2021.01.01,3,True,나서스,탑,4,2,9.0
12,2021.01.01,3,False,트런들,탑,1,5,0.0
12,2021.01.01,3,True,바이,정글,5,3,9.0
12,2021.01.01,3,False,사이온,정글,4,7,8.0
12,2021.01.01,3,True,신드라,미드,9,5,13.0
12,2021.01.01,3,False,야스오,미드,10,12,2.0
12,2021.01.01,3,True,코그모,원딜,6,5,19.0
12,2021.01.01,3,False,이즈리얼,원딜,2,7,6.0
12,2021.01.01,3,True,사미라,서폿,22,3,13.0
12,2021.01.01,3,False,블리츠크랭크,서폿,1,15,11.0
13,2021.01.01,4,True,트런들,탑,6,4,3.0
13,2021.01.01,4,False,나서스,탑,1,7,2.0
13,2021.01.01,4,True,람머스,정글,1,0,4.0
13,2021.01.01,4,False,바이,정글,1,5,2.0
13,2021.01.01,4,True,요네,미드,11,4,7.0
13,2021.01.01,4,False,오리아나,미드,5,9,3.0
13,2021.01.01,4,True,드레이븐,원딜,5,0,2.0
13,2021.01.01,4,False,진,원딜,2,3,4.0
13,2021.01.01,4,True,벨코즈,서폿,3,3,5.0
13,2021.01.01,4,False,제라스,서폿,1,2,5.0
14,2021.01.19,1,True,아트록스,탑,10,2,5.0
14,2021.01.19,1,False,나서스,탑,2,7,6.0
14,2021.01.19,1,True,바이,정글,3,4,6.0
14,2021.01.19,1,False,자르반 4세,정글,2,6,16.0
14,2021.01.19,1,True,리산드라,미드,6,7,10.0
14,2021.01.19,1,False,갈리오,미드,6,5,10.0
14,2021.01.19,1,True,카이사,원딜,12,4,12.0
14,2021.01.19,1,False,애쉬,원딜,8,10,6.0
14,2021.01.19,1,True,마오카이,서폿,5,4,17.0
14,2021.01.19,1,False,블리츠크랭크,서폿,3,8,8.0
15,2021.01.19,2,True,말파이트,탑,0,2,1.0
15,2021.01.19,2,False,일라오이,탑,2,5,0.0
15,2021.01.19,2,True,킨드레드,정글,11,0,7.0
15,2021.01.19,2,False,오공,정글,1,3,1.0
15,2021.01.19,2,True,조이,미드,8,2,5.0
15,2021.01.19,2,False,트위스티드 페이트,미드,0,7,1.0
15,2021.01.19,2,True,야스오,원딜,5,3,4.0
15,2021.01.19,2,False,베인,원딜,6,6,0.0
15,2021.01.19,2,True,레오나,서폿,1,2,5.0
15,2021.01.19,2,False,제라스,서폿,0,4,6.0
16,2021.01.19,3,True,말파이트,탑,0,0,3.0
16,2021.01.19,3,False,잭스,탑,1,2,0.0
16,2021.01.19,3,True,뽀삐,정글,5,0,6.0
16,2021.01.19,3,False,바이,정글,0,4,0.0
16,2021.01.19,3,True,오리아나,미드,5,0,0.0
16,2021.01.19,3,False,갈리오,미드,0,4,0.0
16,2021.01.19,3,True,아펠리오스,원딜,2,2,4.0
16,2021.01.19,3,False,이즈리얼,원딜,1,3,0.0
16,2021.01.19,3,True,블리츠크랭크,서폿,3,0,5.0
16,2021.01.19,3,False,알리스타,서폿,0,2,2.0
17,2021.01.24,1,True,나서스,탑,4,1,2.0
17,2021.01.24,1,False,아트록스,탑,0,9,2.0
17,2021.01.24,1,True,그레이브즈,정글,4,4,8.0
17,2021.01.24,1,False,우디르,정글,10,3,3.0
17,2021.01.24,1,True,아지르,미드,3,8,9.0
17,2021.01.24,1,False,제드,미드,5,4,6.0
17,2021.01.24,1,True,베인,원딜,9,2,6.0
17,2021.01.24,1,False,사미라,원딜,5,2,3.0
17,2021.01.24,1,True,판테온,서폿,3,6,3.0
17,2021.01.24,1,False,레오나,서폿,1,5,9.0
18,2021.01.24,2,True,카서스,탑,2,5,5.0
18,2021.01.24,2,False,말파이트,탑,3,4,3.0
18,2021.01.24,2,True,릴리아,정글,2,3,9.0
18,2021.01.24,2,False,헤카림,정글,3,3,4.0
18,2021.01.24,2,True,이렐리아,미드,7,7,5.0
18,2021.01.24,2,False,비에고,미드,7,7,5.0
18,2021.01.24,2,True,애쉬,원딜,3,5,6.0
18,2021.01.24,2,False,사미라,원딜,7,1,6.0
18,2021.01.24,2,True,세라핀,서폿,3,3,9.0
18,2021.01.24,2,False,노틸러스,서폿,3,4,10.0
19,2021.01.24,3,True,뽀삐,탑,5,3,9.0
19,2021.01.24,3,False,말파이트,탑,2,6,5.0
19,2021.01.24,3,True,케인,정글,8,5,10.0
19,2021.01.24,3,False,헤카림,정글,4,6,3.0
19,2021.01.24,3,True,오리아나,미드,3,3,8.0
19,2021.01.24,3,False,르블랑,미드,5,3,4.0
19,2021.01.24,3,True,진,원딜,5,2,11.0
19,2021.01.24,3,False,트위치,원딜,7,5,5.0
19,2021.01.24,3,True,세나,서폿,4,5,13.0
19,2021.01.24,3,False,세트,서폿,0,5,12.0
20,2021.01.25,1,True,나서스,탑,0,3,4.0
20,2021.01.25,1,False,오른,탑,1,2,7.0
20,2021.01.25,1,True,카직스,정글,19,6,11.0
20,2021.01.25,1,False,판테온,정글,11,13,13.0
20,2021.01.25,1,True,트위스티드 페이트,미드,12,9,13.0
20,2021.01.25,1,False,라이즈,미드,10,11,7.0
20,2021.01.25,1,True,아펠리오스,원딜,11,10,14.0
20,2021.01.25,1,False,진,원딜,13,7,8.0
20,2021.01.25,1,True,마오카이,서폿,1,7,26.0
20,2021.01.25,1,False,바드,서폿,0,10,18.0
21,2021.01.26,1,True,뽀삐,탑,5,1,5.0
21,2021.01.26,1,False,다리우스,탑,0,3,1.0
21,2021.01.26,1,True,엘리스,정글,5,2,15.0
21,2021.01.26,1,False,그레이브즈,정글,2,8,7.0
21,2021.01.26,1,True,판테온,미드,10,3,6.0
21,2021.01.26,1,False,제드,미드,7,8,2.0
21,2021.01.26,1,True,미스 포츈,원딜,5,1,9.0
21,2021.01.26,1,False,카이사,원딜,4,7,6.0
21,2021.01.26,1,True,모르가나,서폿,3,6,9.0
21,2021.01.26,1,False,레오나,서폿,0,2,5.0
22,2021.01.26,2,True,피오라,탑,6,7,5.0
22,2021.01.26,2,False,나서스,탑,3,6,6.0
22,2021.01.26,2,True,탈리야,정글,7,5,14.0
22,2021.01.26,2,False,에코,정글,6,6,4.0
22,2021.01.26,2,True,오리아나,미드,15,1,12.0
22,2021.01.26,2,False,사미라,미드,5,8,3.0
22,2021.01.26,2,True,미스 포츈,원딜,5,4,15.0
22,2021.01.26,2,False,애쉬,원딜,4,7,5.0
22,2021.01.26,2,True,노틸러스,서폿,3,4,17.0
22,2021.01.26,2,False,말파이트,서폿,3,10,8.0
23,2021.01.26,3,True,오공,탑,9,3,7.0
23,2021.01.26,3,False,레넥톤,탑,6,5,2.0
23,2021.01.26,3,True,카직스,정글,16,3,8.0
23,2021.01.26,3,False,릴리아,정글,2,8,6.0
23,2021.01.26,3,True,조이,미드,7,5,12.0
23,2021.01.26,3,False,루시안,미드,8,8,4.0
23,2021.01.26,3,True,바루스,원딜,3,3,10.0
23,2021.01.26,3,False,카이사,원딜,4,7,3.0
23,2021.01.26,3,True,소나,서폿,0,6,18.0
23,2021.01.26,3,False,노틸러스,서폿,0,7,5.0
24,2021.01.27,1,True,말파이트,탑,1,0,3.0
24,2021.01.27,1,False,라이즈,탑,0,3,1.0
24,2021.01.27,1,True,리 신,정글,10,2,7.0
24,2021.01.27,1,False,헤카림,정글,2,7,1.0
24,2021.01.27,1,True,트위스티드 페이트,미드,7,3,8.0
24,2021.01.27,1,False,요네,미드,1,4,0.0
24,2021.01.27,1,True,질리언,원딜,1,0,12.0
24,2021.01.27,1,False,카이사,원딜,3,6,2.0
24,2021.01.27,1,True,샤코,서폿,3,2,9.0
24,2021.01.27,1,False,라칸,서폿,1,2,5.0
25,2021.01.27,2,True,나르,탑,4,2,8.0
25,2021.01.27,2,False,루시안,탑,2,6,1.0
25,2021.01.27,2,True,비에고,정글,9,2,7.0
25,2021.01.27,2,False,바이,정글,1,6,2.0
25,2021.01.27,2,True,탈론,미드,8,2,5.0
25,2021.01.27,2,False,카타리나,미드,2,5,3.0
25,2021.01.27,2,True,베이가,원딜,4,2,10.0
25,2021.01.27,2,False,카이사,원딜,3,6,2.0
25,2021.01.27,2,True,말파이트,서폿,2,2,5.0
25,2021.01.27,2,False,노틸러스,서폿,1,4,1.0
26,2021.01.27,3,True,말파이트,탑,2,1,12.0
26,2021.01.27,3,False,뽀삐,탑,1,8,5.0
26,2021.01.27,3,True,엘리스,정글,7,4,8.0
26,2021.01.27,3,False,녹턴,정글,7,5,6.0
26,2021.01.27,3,True,아칼리,미드,9,7,7.0
26,2021.01.27,3,False,세트,미드,6,7,9.0
26,2021.01.27,3,True,징크스,원딜,12,6,8.0
26,2021.01.27,3,False,베인,원딜,7,8,9.0
26,2021.01.27,3,True,브랜드,서폿,4,5,18.0
26,2021.01.27,3,False,쉔,서폿,2,6,15.0
27,2021.01.27,4,True,피오라,탑,10,1,1.0
27,2021.01.27,4,False,야스오,탑,1,7,0.0
27,2021.01.27,4,True,아무무,정글,1,4,6.0
27,2021.01.27,4,False,킨드레드,정글,4,4,1.0
27,2021.01.27,4,True,요네,미드,8,4,1.0
27,2021.01.27,4,False,신드라,미드,5,6,1.0
27,2021.01.27,4,True,카이사,원딜,5,1,7.0
27,2021.01.27,4,False,루시안,원딜,0,4,0.0
27,2021.01.27,4,True,레오나,서폿,2,0,5.0
27,2021.01.27,4,False,룰루,서폿,0,5,0.0
28,2020.01.28,1,True,말파이트,탑,2,3,3.0
28,2020.01.28,1,False,오른,탑,1,3,1.0
28,2020.01.28,1,True,엘리스,정글,8,4,6.0
28,2020.01.28,1,False,비에고,정글,6,6,4.0
28,2020.01.28,1,True,야스오,미드,7,2,9.0
28,2020.01.28,1,False,세트,미드,5,6,6.0
28,2020.01.28,1,True,아펠리오스,원딜,4,4,8.0
28,2020.01.28,1,False,진,원딜,3,3,4.0
28,2020.01.28,1,True,블리츠크랭크,서폿,3,3,8.0
28,2020.01.28,1,False,카르마,서폿,1,6,8.0
29,2020.01.28,2,True,말파이트,탑,3,3,5.0
29,2020.01.28,2,False,나르,탑,5,8,0.0
29,2020.01.28,2,True,니달리,정글,5,3,7.0
29,2020.01.28,2,False,카직스,정글,3,7,4.0
29,2020.01.28,2,True,에코,미드,10,3,3.0
29,2020.01.28,2,False,제라스,미드,4,1,2.0
29,2020.01.28,2,True,케이틀린,원딜,9,3,8.0
29,2020.01.28,2,False,이즈리얼,원딜,1,8,0.0
29,2020.01.28,2,True,세나,서폿,4,1,16.0
29,2020.01.28,2,False,럭스,서폿,0,7,2.0
30,2020.01.28,3,True,말파이트,탑,0,2,1.0
30,2020.01.28,3,False,트린다미어,탑,2,4,1.0
30,2020.01.28,3,True,쉔,정글,1,0,7.0
30,2020.01.28,3,False,바이,정글,0,6,1.0
30,2020.01.28,3,True,제라스,미드,6,1,6.0
30,2020.01.28,3,False,요네,미드,1,7,
30,2020.01.28,3,True,카이사,원딜,14,2,2.0
30,2020.01.28,3,False,베인,원딜,1,5,1.0
30,2020.01.28,3,True,세라핀,서폿,3,0,7.0
30,2020.01.28,3,False,쓰레쉬,서폿,1,3,1.0
31,2021.02.04,1,True,말파이트,탑,0,3,4.0
31,2021.02.04,1,False,레넥톤,탑,4,3,2.0
31,2021.02.04,1,True,뽀삐,정글,2,2,9.0
31,2021.02.04,1,False,문도 박사,정글,3,5,6.0
31,2021.02.04,1,True,빅토르,미드,2,2,9.0
31,2021.02.04,1,False,야스오,미드,1,4,2.0
31,2021.02.04,1,True,아펠리오스,원딜,13,2,3.0
31,2021.02.04,1,False,루시안,원딜,2,6,1.0
31,2021.02.04,1,True,베이가,서폿,5,2,9.0
31,2021.02.04,1,False,럭스,서폿,1,5,5.0
32,2021.02.05,1,True,말파이트,탑,0,3,3.0
32,2021.02.05,1,False,카밀,탑,5,6,2.0
32,2021.02.05,1,True,비에고,정글,12,2,4.0
32,2021.02.05,1,False,헤카림,정글,2,4,7.0
32,2021.02.05,1,True,질리언,미드,4,2,5.0
32,2021.02.05,1,False,오리아나,미드,1,4,10.0
32,2021.02.05,1,True,카이사,원딜,5,6,3.0
32,2021.02.05,1,False,코그모,원딜,12,3,2.0
32,2021.02.05,1,True,블리츠크랭크,서폿,0,7,6.0
32,2021.02.05,1,False,브라움,서폿,0,4,10.0
33,2021.02.06,1,True,말파이트,탑,2,0,4.0
33,2021.02.06,1,False,이렐리아,탑,2,5,2.0
33,2021.02.06,1,True,그레이브즈,정글,12,2,5.0
33,2021.02.06,1,False,바이,정글,0,6,3.0
33,2021.02.06,1,True,카타리나,미드,5,1,8.0
33,2021.02.06,1,False,제드,미드,2,3,2.0
33,2021.02.06,1,True,시비르,원딜,1,1,11.0
33,2021.02.06,1,False,세나,원딜,0,2,4.0
33,2021.02.06,1,True,레오나,서폿,0,1,4.0
33,2021.02.06,1,False,럭스,서폿,1,4,2.0
34,2021.02.06,2,True,녹턴,탑,1,3,4.0
34,2021.02.06,2,False,모데카이저,탑,2,2,0.0
34,2021.02.06,2,True,킨드레드,정글,10,3,2.0
34,2021.02.06,2,False,람머스,정글,0,6,7.0
34,2021.02.06,2,True,아리,미드,4,0,8.0
34,2021.02.06,2,False,비에고,미드,2,5,0.0
34,2021.02.06,2,True,스웨인,원딜,5,1,5.0
34,2021.02.06,2,False,자야,원딜,5,2,3.0
34,2021.02.06,2,True,노틸러스,서폿,0,5,5.0
34,2021.02.06,2,False,쓰레쉬,서폿,3,5,4.0
35,2021.02.06,3,True,피오라,탑,12,3,3.0
35,2021.02.06,3,False,다리우스,탑,0,7,3.0
35,2021.02.06,3,True,볼리베어,정글,1,2,4.0
35,2021.02.06,3,False,문도 박사,정글,3,1,8.0
35,2021.02.06,3,True,카시오페아,미드,5,4,3.0
35,2021.02.06,3,False,말자하,미드,2,3,8.0
35,2021.02.06,3,True,이즈리얼,원딜,4,4,3.0
35,2021.02.06,3,False,세나,원딜,4,4,6.0
35,2021.02.06,3,True,유미,서폿,0,4,10.0
35,2021.02.06,3,False,판테온,서폿,8,7,6.0
36,2021.02.06,4,True,케넨,탑,0,1,2.0
36,2021.02.06,4,False,말파이트,탑,1,1,0.0
36,2021.02.06,4,True,그레이브즈,정글,7,0,5.0
36,2021.02.06,4,False,피들스틱,정글,2,3,2.0
36,2021.02.06,4,True,카타리나,미드,5,4,4.0
36,2021.02.06,4,False,세트,미드,2,5,3.0
36,2021.02.06,4,True,드레이븐,원딜,6,1,8.0
36,2021.02.06,4,False,징크스,원딜,1,4,1.0
36,2021.02.06,4,True,세라핀,서폿,3,1,13.0
36,2021.02.06,4,False,판테온,서폿,1,8,1.0
37,2021.02.06,5,True,루시안,탑,5,2,8.0
37,2021.02.06,5,False,퀸,탑,4,6,4.0
37,2021.02.06,5,True,사이온,정글,2,3,8.0
37,2021.02.06,5,False,쉔,정글,2,4,6.0
37,2021.02.06,5,True,빅토르,미드,2,2,6.0
37,2021.02.06,5,False,요네,미드,2,4,6.0
37,2021.02.06,5,True,카이사,원딜,14,1,3.0
37,2021.02.06,5,False,드레이븐,원딜,3,4,4.0
37,2021.02.06,5,True,타릭,서폿,0,4,13.0
37,2021.02.06,5,False,노틸러스,서폿,1,5,7.0
38,2021.02.06,6,True,말파이트,탑,3,3,10.0
38,2021.02.06,6,False,사이온,탑,4,7,4.0
38,2021.02.06,6,True,비에고,정글,19,5,8.0
38,2021.02.06,6,False,엘리스,정글,6,7,8.0
38,2021.02.06,6,True,아리,미드,7,6,14.0
38,2021.02.06,6,False,럼블,미드,5,11,9.0
38,2021.02.06,6,True,사미라,원딜,12,4,10.0
38,2021.02.06,6,False,세나,원딜,2,10,9.0
38,2021.02.06,6,True,노틸러스,서폿,3,3,25.0
38,2021.02.06,6,False,판테온,서폿,4,9,6.0
39,2021.02.07,1,True,아트록스,탑,2,3,5.0
39,2021.02.07,1,False,나서스,탑,1,5,2.0
39,2021.02.07,1,True,헤카림,정글,2,1,15.0
39,2021.02.07,1,False,볼리베어,정글,5,3,1.0
39,2021.02.07,1,True,트위스티드 페이트,미드,5,4,14.0
39,2021.02.07,1,False,요네,미드,5,7,3.0
39,2021.02.07,1,True,사미라,원딜,21,2,5.0
39,2021.02.07,1,False,야스오,원딜,0,6,4.0
39,2021.02.07,1,True,노틸러스,서폿,0,2,19.0
39,2021.02.07,1,False,룰루,서폿,1,9,4.0
40,2021.02.07,2,True,뽀삐,탑,1,2,10.0
40,2021.02.07,2,False,말파이트,탑,2,2,5.0
40,2021.02.07,2,True,녹턴,정글,9,4,5.0
40,2021.02.07,2,False,헤카림,정글,2,4,5.0
40,2021.02.07,2,True,세라핀,미드,5,1,13.0
40,2021.02.07,2,False,제드,미드,3,6,2.0
40,2021.02.07,2,True,야스오,원딜,7,1,11.0
40,2021.02.07,2,False,드레이븐,원딜,3,4,5.0
40,2021.02.07,2,True,블리츠크랭크,서폿,1,3,12.0
40,2021.02.07,2,False,노틸러스,서폿,1,7,5.0
41,2021.02.16,1,True,리븐,탑,2,4,5.0
41,2021.02.16,1,False,말파이트,탑,1,4,3.0
41,2021.02.16,1,True,스카너,정글,3,1,15.0
41,2021.02.16,1,False,쉬바나,정글,4,3,5.0
41,2021.02.16,1,True,녹턴,미드,9,4,8.0
41,2021.02.16,1,False,카타리나,미드,5,7,0.0
41,2021.02.16,1,True,카이사,원딜,14,4,6.0
41,2021.02.16,1,False,베인,원딜,8,7,5.0
41,2021.02.16,1,True,렐,서폿,0,5,16.0
41,2021.02.16,1,False,카르마,서폿,0,7,11.0
42,2021.02.16,2,True,리븐,탑,1,2,2.0
42,2021.02.16,2,False,나서스,탑,2,2,2.0
42,2021.02.16,2,True,비에고,정글,14,4,4.0
42,2021.02.16,2,False,볼리베어,정글,1,6,1.0
42,2021.02.16,2,True,질리언,미드,2,2,10.0
42,2021.02.16,2,False,트위스티드 페이트,미드,1,5,7.0
42,2021.02.16,2,True,이즈리얼,원딜,3,2,4.0
42,2021.02.16,2,False,자야,원딜,6,5,3.0
42,2021.02.16,2,True,애쉬,서폿,2,3,2.0
42,2021.02.16,2,False,세라핀,서폿,3,4,7.0
43,2021.02.16,3,True,오른,탑,3,2,4.0
43,2021.02.16,3,False,말파이트,탑,1,4,4.0
43,2021.02.16,3,True,그레이브즈,정글,5,5,7.0
43,2021.02.16,3,False,릴리아,정글,5,6,7.0
43,2021.02.16,3,True,요네,미드,9,6,1.0
43,2021.02.16,3,False,판테온,미드,8,4,8.0
43,2021.02.16,3,True,케이틀린,원딜,4,2,11.0
43,2021.02.16,3,False,미스포츈,원딜,6,4,8.0
43,2021.02.16,3,True,자이라,서폿,2,6,14.0
43,2021.02.16,3,False,애쉬,서폿,1,5,10.0
44,2021.02.16,4,True,나서스,탑,0,8,3.0
44,2021.02.16,4,False,가렌,탑,16,9,7.0
44,2021.02.16,4,True,케인,정글,19,6,7.0
44,2021.02.16,4,False,피들스틱,정글,1,10,7.0
44,2021.02.16,4,True,루시안,미드,18,5,8.0
44,2021.02.16,4,False,리산드라,미드,4,8,3.0
44,2021.02.16,4,True,징크스,원딜,7,9,10.0
44,2021.02.16,4,False,미스포츈,원딜,4,8,8.0
44,2021.02.16,4,True,잔나,서폿,1,8,11.0
44,2021.02.16,4,False,파이크,서폿,10,10,9.0
45,2021.02.18,1,True,오른,탑,1,5,7.0
45,2021.02.18,1,False,아트록스,탑,4,6,8.0
45,2021.02.18,1,True,잭스,정글,0,7,13.0
45,2021.02.18,1,False,니달리,정글,12,9,5.0
45,2021.02.18,1,True,카타리나,미드,17,5,10.0
45,2021.02.18,1,False,아지르,미드,2,9,6.0
45,2021.02.18,1,True,드레이븐,원딜,18,4,8.0
45,2021.02.18,1,False,카이사,원딜,5,8,4.0
45,2021.02.18,1,True,뽀삐,서폿,7,2,17.0
45,2021.02.18,1,False,알리스타,서폿,0,11,1.0
46,2021.02.18,2,True,녹턴,탑,6,2,8.0
46,2021.02.18,2,False,모데카이저,탑,4,6,3.0
46,2021.02.18,2,True,스카너,정글,3,3,22.0
46,2021.02.18,2,False,헤카림,정글,2,6,3.0
46,2021.02.18,2,True,리산드라,미드,6,2,14.0
46,2021.02.18,2,False,요네,미드,3,7,4.0
46,2021.02.18,2,True,사미라,원딜,21,2,9.0
46,2021.02.18,2,False,세나,원딜,2,10,4.0
46,2021.02.18,2,True,알리스타,서폿,3,3,22.0
46,2021.02.18,2,False,노틸러스,서폿,1,10,9.0
47,2021.02.19,1,True,말파이트,탑,4,5,8.0
47,2021.02.19,1,False,문도,탑,6,7,7.0
47,2021.02.19,1,True,릴리아,정글,3,4,21.0
47,2021.02.19,1,False,헤카림,정글,1,9,9.0
47,2021.02.19,1,True,요네,미드,11,8,3.0
47,2021.02.19,1,False,트위스티드 페이트,미드,5,10,8.0
47,2021.02.19,1,True,드레이븐,원딜,13,5,7.0
47,2021.02.19,1,False,진,원딜,12,5,8.0
47,2021.02.19,1,True,렐,서폿,3,4,21.0
47,2021.02.19,1,False,세라핀,서폿,2,10,12.0
48,2021.02.19,2,True,카밀,탑,12,2,13.0
48,2021.02.19,2,False,룰루,탑,0,12,3.0
48,2021.02.19,2,True,리 신,정글,7,4,12.0
48,2021.02.19,2,False,올라프,정글,1,7,4.0
48,2021.02.19,2,True,제라스,미드,9,2,8.0
48,2021.02.19,2,False,녹턴,미드,5,6,2.0
48,2021.02.19,2,True,자야,원딜,7,4,6.0
48,2021.02.19,2,False,코그모,원딜,7,7,4.0
48,2021.02.19,2,True,레오나,서폿,1,3,10.0
48,2021.02.19,2,False,블리츠크랭크,서폿,2,5,8.0
49,2021.02.21,1,True,쉔,탑,1,2,10.0
49,2021.02.21,1,False,클레드,탑,2,5,2.0
49,2021.02.21,1,True,엘리스,정글,8,2,7.0
49,2021.02.21,1,False,뽀삐,정글,2,8,3.0
49,2021.02.21,1,True,요네,미드,8,3,8.0
49,2021.02.21,1,False,야스오,미드,2,9,1.0
49,2021.02.21,1,True,카이사,원딜,17,2,4.0
49,2021.02.21,1,False,이즈리얼,원딜,5,5,0.0
49,2021.02.21,1,True,블리츠크랭크,서폿,2,2,22.0
49,2021.02.21,1,False,노틸러스,서폿,0,9,4.0
50,2021.02.21,2,True,사이온,탑,3,8,7.0
50,2021.02.21,2,False,나르,탑,7,6,8.0
50,2021.02.21,2,True,리 신,정글,4,4,15.0
50,2021.02.21,2,False,신 짜오,정글,4,8,6.0
50,2021.02.21,2,True,카타리나,미드,17,5,6.0
50,2021.02.21,2,False,리산드라,미드,3,6,10.0
50,2021.02.21,2,True,하이머딩거,원딜,10,7,7.0
50,2021.02.21,2,False,드레이븐,원딜,10,7,8.0
50,2021.02.21,2,True,알리스타,서폿,0,5,23.0
50,2021.02.21,2,False,뽀삐,서폿,5,7,13.0
51,2021.02.21,3,True,카밀,탑,10,2,10.0
51,2021.02.21,3,False,사이온,탑,4,5,2.0
51,2021.02.21,3,True,카직스,정글,17,3,6.0
51,2021.02.21,3,False,리 신,정글,1,10,4.0
51,2021.02.21,3,True,말파이트,미드,2,2,10.0
51,2021.02.21,3,False,탈론,미드,5,7,1.0
51,2021.02.21,3,True,이즈리얼,원딜,4,3,16.0
51,2021.02.21,3,False,시비르,원딜,3,8,5.0
51,2021.02.21,3,True,자이라,서폿,1,8,8.0
51,2021.02.21,3,False,세나,서폿,4,4,7.0
52,2021.02.21,4,True,그라가스,탑,2,1,6.0
52,2021.02.21,4,False,나서스,탑,2,5,2.0
52,2021.02.21,4,True,쉬바나,정글,9,4,10.0
52,2021.02.21,4,False,우디르,정글,3,6,5.0
52,2021.02.21,4,True,탈론,미드,9,4,5.0
52,2021.02.21,4,False,트리스타나,미드,1,7,4.0
52,2021.02.21,4,True,베인,원딜,7,4,3.0
52,2021.02.21,4,False,아펠리오스,원딜,5,5,5.0
52,2021.02.21,4,True,렐,서폿,3,1,13.0
52,2021.02.21,4,False,애니,서폿,3,7,6.0
53,2021.03.02,1,True,말파이트,탑,1,4,11.0
53,2021.03.02,1,False,카밀,탑,5,8,2.0
53,2021.03.02,1,True,비에고,정글,13,1,7.0
53,2021.03.02,1,False,녹턴,정글,2,7,3.0
53,2021.03.02,1,True,럼블,미드,5,3,13.0
53,2021.03.02,1,False,탈론,미드,5,5,1.0
53,2021.03.02,1,True,코그모,원딜,8,3,11.0
53,2021.03.02,1,False,카이사,원딜,1,4,5.0
53,2021.03.02,1,True,갈리오,서폿,3,2,14.0
53,2021.03.02,1,False,레오나,서폿,0,6,8.0
54,2021.03.02,2,True,말파이트,탑,1,0,9.0
54,2021.03.02,2,False,스카너,탑,2,9,5.0
54,2021.03.02,2,True,카직스,정글,20,4,6.0
54,2021.03.02,2,False,녹턴,정글,4,9,0.0
54,2021.03.02,2,True,판테온,미드,7,6,6.0
54,2021.03.02,2,False,제라스,미드,2,8,5.0
54,2021.03.02,2,True,애쉬,원딜,5,3,13.0
54,2021.03.02,2,False,진,원딜,5,5,6.0
54,2021.03.02,2,True,모르가나,서폿,4,2,23.0
54,2021.03.02,2,False,레오나,서폿,2,6,9.0
55,2021.03.02,3,True,볼리베어,탑,4,1,7.0
55,2021.03.02,3,False,말파이트,탑,1,6,2.0
55,2021.03.02,3,True,킨드레드,정글,6,3,4.0
55,2021.03.02,3,False,쉬바나,정글,3,6,3.0
55,2021.03.02,3,True,제라스,미드,8,2,7.0
55,2021.03.02,3,False,아리,미드,3,6,6.0
55,2021.03.02,3,True,루시안,원딜,7,1,7.0
55,2021.03.02,3,False,세나,원딜,1,5,8.0
55,2021.03.02,3,True,레오나,서폿,2,4,11.0
55,2021.03.02,3,False,브라움,서폿,3,4,6.0
56,2021.03.06,1,True,아칼리,탑,12,3,10.0
56,2021.03.06,1,False,쉔,탑,1,6,4.0
56,2021.03.06,1,True,헤카림,정글,13,2,13.0
56,2021.03.06,1,False,렉사이,정글,5,13,5.0
56,2021.03.06,1,True,카타리나,미드,13,6,15.0
56,2021.03.06,1,False,카사딘,미드,3,9,4.0
56,2021.03.06,1,True,드레이븐,원딜,6,3,9.0
56,2021.03.06,1,False,이즈리얼,원딜,6,6,1.0
56,2021.03.06,1,True,알리스타,서폿,2,2,22.0
56,2021.03.06,1,False,쓰레쉬,서폿,1,9,11.0
57,2021.03.06,2,True,말파이트,탑,6,5,3.0
57,2021.03.06,2,False,나서스,탑,2,6,2.0
57,2021.03.06,2,True,킨드레드,정글,7,4,8.0
57,2021.03.06,2,False,엘리스,정글,4,5,3.0
57,2021.03.06,2,True,애니비아,미드,8,2,8.0
57,2021.03.06,2,False,녹턴,미드,6,5,3.0
57,2021.03.06,2,True,베인,원딜,3,2,8.0
57,2021.03.06,2,False,징크스,원딜,3,4,5.0
57,2021.03.06,2,True,렐,서폿,3,2,8.0
57,2021.03.06,2,False,누누와 윌럼프,서폿,0,7,6.0
58,2021.03.06,3,True,피오라,탑,5,5,14.0
58,2021.03.06,3,False,쉔,탑,4,6,9.0
58,2021.03.06,3,True,비에고,정글,13,7,9.0
58,2021.03.06,3,False,리 신,정글,9,11,8.0
58,2021.03.06,3,True,피즈,미드,9,8,9.0
58,2021.03.06,3,False,럼블,미드,4,9,11.0
58,2021.03.06,3,True,진,원딜,8,1,10.0
58,2021.03.06,3,False,케이틀린,원딜,5,7,8.0
58,2021.03.06,3,True,알리스타,서폿,1,5,12.0
58,2021.03.06,3,False,모르가나,서폿,4,9,7.0
59,2021.03.06,4,True,오른,탑,4,1,16.0
59,2021.03.06,4,False,나르,탑,0,9,4.0
59,2021.03.06,4,True,마스터 이,정글,10,2,1.0
59,2021.03.06,4,False,올라프,정글,1,11,1.0
59,2021.03.06,4,True,카시오페아,미드,4,5,15.0
59,2021.03.06,4,False,사이온,미드,6,6,0.0
59,2021.03.06,4,True,카이사,원딜,24,3,9.0
59,2021.03.06,4,False,시비르,원딜,2,5,5.0
59,2021.03.06,4,True,레오나,서폿,2,2,16.0
59,2021.03.06,4,False,세나,서폿,3,13,8.0
60,2021.03.26,1,True,말파이트,탑,1,1,9.0
60,2021.03.26,1,False,잭스,탑,1,8,2.0
60,2021.03.26,1,True,헤카림,정글,5,1,9.0
60,2021.03.26,1,False,엘리스,정글,4,4,3.0
60,2021.03.26,1,True,아칼리,미드,9,4,9.0
60,2021.03.26,1,False,조이,미드,4,9,3.0
60,2021.03.26,1,True,사미라,원딜,13,1,5.0
60,2021.03.26,1,False,자야,원딜,2,9,1.0
60,2021.03.26,1,True,신 짜오,서폿,11,5,7.0
60,2021.03.26,1,False,블리츠크랭크,서폿,1,9,6.0
61,2021.03.26,2,True,사이온,탑,1,1,3.0
61,2021.03.26,2,False,트런들,탑,1,7,4.0
61,2021.03.26,2,True,샤코,정글,13,5,10.0
61,2021.03.26,2,False,그레이브즈,정글,6,11,2.0
61,2021.03.26,2,True,오리아나,미드,6,5,9.0
61,2021.03.26,2,False,벨코즈,미드,4,7,4.0
61,2021.03.26,2,True,케이틀린,원딜,10,2,13.0
61,2021.03.26,2,False,징크스,원딜,2,9,3.0
61,2021.03.26,2,True,제라스,서폿,16,1,16.0
61,2021.03.26,2,False,레오나,서폿,1,12,5.0
62,2021.03.26,3,True,사일러스,탑,13,8,7.0
62,2021.03.26,3,False,나르,탑,5,12,4.0
62,2021.03.26,3,True,스카너,정글,4,1,6.0
62,2021.03.26,3,False,탈리야,정글,0,12,4.0
62,2021.03.26,3,True,판테온,미드,12,2,6.0
62,2021.03.26,3,False,제라스,미드,5,5,6.0
62,2021.03.26,3,True,진,원딜,15,1,12.0
62,2021.03.26,3,False,트리스타나,원딜,4,8,4.0
62,2021.03.26,3,True,쓰레쉬,서폿,2,2,12.0
62,2021.03.26,3,False,알리스타,서폿,0,9,4.0
63,2021.04.22,1,True,녹턴,탑,3,10,6.0
63,2021.04.22,1,False,잭스,탑,15,7,2.0
63,2021.04.22,1,True,모르가나,정글,11,4,27.0
63,2021.04.22,1,False,럼블,정글,8,13,12.0
63,2021.04.22,1,True,말파이트,미드,15,7,7.0
63,2021.04.22,1,False,베이가,미드,3,13,6.0
63,2021.04.22,1,True,케이틀린,원딜,20,3,11.0
63,2021.04.22,1,False,애쉬,원딜,3,8,6.0
63,2021.04.22,1,True,쓰레쉬,서폿,3,7,20.0
63,2021.04.22,1,False,카르마,서폿,2,11,7.0
64,2021.04.22,2,True,사일러스,탑,11,9,16.0
64,2021.04.22,2,False,트런들,탑,9,14,6.0
64,2021.04.22,2,True,리 신,정글,15,5,19.0
64,2021.04.22,2,False,뽀삐,정글,7,10,15.0
64,2021.04.22,2,True,럼블,미드,14,3,12.0
64,2021.04.22,2,False,갈리오,미드,1,8,12.0
64,2021.04.22,2,True,징크스,원딜,6,4,11.0
64,2021.04.22,2,False,코르키,원딜,9,5,12.0
64,2021.04.22,2,True,세트,서폿,0,9,13.0
64,2021.04.22,2,False,블리츠크랭크,서폿,4,9,14.0
65,2021.04.22,3,True,케넨,탑,6,3,4.0
65,2021.04.22,3,False,말파이트,탑,1,3,2.0
65,2021.04.22,3,True,녹턴,정글,5,0,3.0
65,2021.04.22,3,False,킨드레드,정글,8,7,1.0
65,2021.04.22,3,True,피즈,미드,10,6,5.0
65,2021.04.22,3,False,오리아나,미드,0,10,3.0
65,2021.04.22,3,True,사미라,원딜,4,1,7.0
65,2021.04.22,3,False,베인,원딜,1,3,1.0
65,2021.04.22,3,True,레오나,서폿,1,1,8.0
65,2021.04.22,3,False,쉔,서폿,1,3,3.0
66,2021.04.22,4,True,오른,탑,7,3,10.0
66,2021.04.22,4,False,말파이트,탑,2,12,1.0
66,2021.04.22,4,True,트런들,정글,0,2,2.0
66,2021.04.22,4,False,그레이브즈,정글,4,7,7.0
66,2021.04.22,4,True,사일러스,미드,18,7,8.0
66,2021.04.22,4,False,카밀,미드,5,7,5.0
66,2021.04.22,4,True,진,원딜,9,2,11.0
66,2021.04.22,4,False,이즈리얼,원딜,5,6,2.0
66,2021.04.22,4,True,브랜드,서폿,5,4,10.0
66,2021.04.22,4,False,마오카이,서폿,2,7,6.0
67,2021.04.22,5,True,트런들,탑,6,12,10.0
67,2021.04.22,5,False,워윅,탑,17,8,12.0
67,2021.04.22,5,True,니달리,정글,8,5,12.0
67,2021.04.22,5,False,엘리스,정글,7,4,11.0
67,2021.04.22,5,True,오리아나,미드,5,7,20.0
67,2021.04.22,5,False,갈리오,미드,3,6,10.0
67,2021.04.22,5,True,코그모,원딜,17,8,14.0
67,2021.04.22,5,False,이즈리얼,원딜,7,9,14.0
67,2021.04.22,5,True,블리츠크랭크,서폿,3,7,30.0
67,2021.04.22,5,False,세트,서폿,5,12,11.0
68,2021.04.23,1,True,녹턴,탑,3,4,6.0
68,2021.04.23,1,False,클레드,탑,1,9,6.0
68,2021.04.23,1,True,케인,정글,20,6,8.0
68,2021.04.23,1,False,카직스,정글,5,8,5.0
68,2021.04.23,1,True,블라디미르,미드,6,5,10.0
68,2021.04.23,1,False,말자하,미드,6,9,4.0
68,2021.04.23,1,True,케이틀린,원딜,14,2,12.0
68,2021.04.23,1,False,루시안,원딜,7,7,3.0
68,2021.04.23,1,True,럭스,서폿,3,3,26.0
68,2021.04.23,1,False,모르가나,서폿,1,13,8.0
69,2021.04.23,2,True,녹턴,탑,4,6,4.0
69,2021.04.23,2,False,클레드,탑,4,6,9.0
69,2021.04.23,2,True,그레이브즈,정글,12,5,8.0
69,2021.04.23,2,False,샤코,정글,9,6,9.0
69,2021.04.23,2,True,빅토르,미드,6,6,9.0
69,2021.04.23,2,False,말자하,미드,1,8,4.0
69,2021.04.23,2,True,바루스,원딜,5,4,13.0
69,2021.04.23,2,False,스웨인,원딜,9,4,6.0
69,2021.04.23,2,True,베이가,서폿,3,4,14.0
69,2021.04.23,2,False,렐,서폿,2,6,12.0
70,2021.04.23,3,True,말파이트,탑,3,5,2.0
70,2021.04.23,3,False,클레드,탑,7,7,1.0
70,2021.04.23,3,True,세주아니,정글,2,1,8.0
70,2021.04.23,3,False,트런들,정글,3,8,3.0
70,2021.04.23,3,True,세트,미드,10,3,5.0
70,2021.04.23,3,False,카타리나,미드,3,4,3.0
70,2021.04.23,3,True,칼리스타,원딜,12,2,3.0
70,2021.04.23,3,False,케이틀린,원딜,1,4,2.0
70,2021.04.23,3,True,블리츠크랭크,서폿,0,3,14.0
70,2021.04.23,3,False,제라스,서폿,0,4,4.0
71,2021.04.23,4,True,말파이트,탑,2,5,5.0
71,2021.04.23,4,False,클레드,탑,8,4,5.0
71,2021.04.23,4,True,그라가스,정글,11,2,12.0
71,2021.04.23,4,False,리 신,정글,2,6,11.0
71,2021.04.23,4,True,트런들,미드,6,11,6.0
71,2021.04.23,4,False,카타리나,미드,8,8,5.0
71,2021.04.23,4,True,사미라,원딜,13,6,9.0
71,2021.04.23,4,False,애쉬,원딜,2,8,12.0
71,2021.04.23,4,True,레오나,서폿,4,3,20.0
71,2021.04.23,4,False,판테온,서폿,7,10,3.0
72,2021.04.23,5,True,나르,탑,14,6,10.0
72,2021.04.23,5,False,클레드,탑,1,9,14.0
72,2021.04.23,5,True,녹턴,정글,5,6,4.0
72,2021.04.23,5,False,비에고,정글,6,7,13.0
72,2021.04.23,5,True,사일러스,미드,9,9,3.0
72,2021.04.23,5,False,코르키,미드,15,4,13.0
72,2021.04.23,5,True,베인,원딜,5,9,7.0
72,2021.04.23,5,False,드레이븐,원딜,10,5,13.0
72,2021.04.23,5,True,노틸러스,서폿,0,10,4.0
72,2021.04.23,5,False,파이크,서폿,8,8,13.0
73,2021.05.01,1,True,리 신,탑,7,1,9.0
73,2021.05.01,1,False,드레이븐,탑,0,6,3.0
73,2021.05.01,1,True,탐켄치,정글,1,4,4.0
73,2021.05.01,1,False,럼블,정글,8,5,3.0
73,2021.05.01,1,True,사일러스,미드,6,7,8.0
73,2021.05.01,1,False,베이가,미드,4,5,4.0
73,2021.05.01,1,True,징크스,원딜,8,1,5.0
73,2021.05.01,1,False,아펠리오스,원딜,2,4,1.0
73,2021.05.01,1,True,쓰레쉬,서폿,4,2,10.0
73,2021.05.01,1,False,노틸러스,서폿,0,6,4.0
74,2021.05.01,2,True,말파이트,탑,2,0,5.0
74,2021.05.01,2,False,루시안,탑,1,5,0.0
74,2021.05.01,2,True,쉔,정글,6,1,12.0
74,2021.05.01,2,False,트런들,정글,1,2,1.0
74,2021.05.01,2,True,카사딘,미드,5,1,6.0
74,2021.05.01,2,False,오리아나,미드,1,5,2.0
74,2021.05.01,2,True,미스 포츈,원딜,8,4,10.0
74,2021.05.01,2,False,베인,원딜,6,6,1.0
74,2021.05.01,2,True,판테온,서폿,4,3,12.0
74,2021.05.01,2,False,갈리오,서폿,0,7,4.0
75,2021.05.01,3,True,녹턴,탑,6,12,9.0
75,2021.05.01,3,False,사이온,탑,7,12,16.0
75,2021.05.01,3,True,릴리아,정글,18,5,23.0
75,2021.05.01,3,False,트런들,정글,12,11,8.0
75,2021.05.01,3,True,코르키,미드,7,7,16.0
75,2021.05.01,3,False,블라디미르,미드,8,15,14.0
75,2021.05.01,3,True,이즈리얼,원딜,20,12,16.0
75,2021.05.01,3,False,사미라,원딜,15,14,13.0
75,2021.05.01,3,True,렐,서폿,11,9,33.0
75,2021.05.01,3,False,갈리오,서폿,3,10,25.0
76,2021.05.11,1,True,클레드,탑,5,1,8.0
76,2021.05.11,1,False,오른,탑,0,6,1.0
76,2021.05.11,1,True,뽀삐,정글,8,2,8.0
76,2021.05.11,1,False,리 신,정글,6,9,1.0
76,2021.05.11,1,True,탈론,미드,14,3,6.0
76,2021.05.11,1,False,조이,미드,2,4,6.0
76,2021.05.11,1,True,사미라,원딜,5,3,14.0
76,2021.05.11,1,False,징크스,원딜,3,8,4.0
76,2021.05.11,1,True,노틸러스,서폿,2,4,10.0
76,2021.05.11,1,False,갈리오,서폿,2,7,6.0
77,2021.05.11,2,True,말파이트,탑,2,0,9.0
77,2021.05.11,2,False,사이온,탑,2,2,2.0
77,2021.05.11,2,True,뽀삐,정글,8,1,9.0
77,2021.05.11,2,False,샤코,정글,4,7,8.0
77,2021.05.11,2,True,카타리나,미드,14,8,7.0
77,2021.05.11,2,False,리산드라,미드,1,9,5.0
77,2021.05.11,2,True,진,원딜,4,6,14.0
77,2021.05.11,2,False,트리스타나,원딜,10,8,9.0
77,2021.05.11,2,True,블리츠크랭크,서폿,5,8,10.0
77,2021.05.11,2,False,세트,서폿,5,7,14.0
78,2021.05.11,3,True,사이온,탑,1,3,5.0
78,2021.05.11,3,False,클레드,탑,3,4,0.0
78,2021.05.11,3,True,쉬바나,정글,3,1,8.0
78,2021.05.11,3,False,리 신,정글,1,8,2.0
78,2021.05.11,3,True,레넥톤,미드,10,2,10.0
78,2021.05.11,3,False,카타리나,미드,2,6,1.0
78,2021.05.11,3,True,사미라,원딜,16,0,7.0
78,2021.05.11,3,False,베인,원딜,1,7,2.0
78,2021.05.11,3,True,블리츠크랭크,서폿,0,3,16.0
78,2021.05.11,3,False,레오나,서폿,1,5,1.0
79,2021.05.11,1,True,말파이트,탑,3,6,11.0
79,2021.05.11,1,False,나르,탑,6,6,3.0
79,2021.05.11,1,True,모르가나,정글,0,4,9.0
79,2021.05.11,1,False,엘리스,정글,8,6,2.0
79,2021.05.11,1,True,제라스,미드,5,3,11.0
79,2021.05.11,1,False,녹턴,미드,4,7,7.0
79,2021.05.11,1,True,사미라,원딜,27,3,7.0
79,2021.05.11,1,False,애쉬,원딜,1,8,7.0
79,2021.05.11,1,True,레오나,서폿,2,3,26.0
79,2021.05.11,1,False,라칸,서폿,0,10,9.0
80,2021.05.11,2,True,케넨,탑,6,6,1.0
80,2021.05.11,2,False,레넥톤,탑,6,7,4.0
80,2021.05.11,2,True,그레이브즈,정글,11,7,15.0
80,2021.05.11,2,False,모르가나,정글,4,9,8.0
80,2021.05.11,2,True,탈론,미드,24,10,4.0
80,2021.05.11,2,False,판테온,미드,8,14,12.0
80,2021.05.11,2,True,케이틀린,원딜,2,3,14.0
80,2021.05.11,2,False,진,원딜,11,7,12.0
80,2021.05.11,2,True,알리스타,서폿,0,4,21.0
80,2021.05.11,2,False,레오나,서폿,0,6,16.0
81,2021.05.11,3,True,말파이트,탑,1,4,5.0
81,2021.05.11,3,False,피오라,탑,3,7,2.0
81,2021.05.11,3,True,모르가나,정글,10,4,10.0
81,2021.05.11,3,False,신 짜오,정글,0,9,3.0
81,2021.05.11,3,True,녹턴,미드,11,4,7.0
81,2021.05.11,3,False,피즈,미드,12,8,2.0
81,2021.05.11,3,True,진,원딜,10,1,11.0
81,2021.05.11,3,False,케이틀린,원딜,0,7,3.0
81,2021.05.11,3,True,제라스,서폿,8,2,12.0
81,2021.05.11,3,False,레오나,서폿,0,9,5.0
82,2021.05.11,1,True,럼블,탑,7,6,3.0
82,2021.05.11,1,False,녹턴,탑,3,9,1.0
82,2021.05.11,1,True,그레이브즈,정글,7,6,8.0
82,2021.05.11,1,False,리 신,정글,9,4,7.0
82,2021.05.11,1,True,베이가,미드,7,7,8.0
82,2021.05.11,1,False,아리,미드,3,4,8.0
82,2021.05.11,1,True,케이틀린,원딜,6,1,6.0
82,2021.05.11,1,False,드레이븐,원딜,3,4,3.0
82,2021.05.11,1,True,쓰레쉬,서폿,0,1,12.0
82,2021.05.11,1,False,잔나,서폿,0,6,10.0
83,2021.05.11,2,True,사이온,탑,0,2,2.0
83,2021.05.11,2,False,잭스,탑,3,3,0.0
83,2021.05.11,2,True,피들스틱,정글,5,0,3.0
83,2021.05.11,2,False,리 신,정글,2,3,2.0
83,2021.05.11,2,True,에코,미드,11,1,2.0
83,2021.05.11,2,False,빅토르,미드,0,5,1.0
83,2021.05.11,2,True,케이틀린,원딜,5,2,3.0
83,2021.05.11,2,False,드레이븐,원딜,2,6,2.0
83,2021.05.11,2,True,쓰레쉬,서폿,0,2,12.0
83,2021.05.11,2,False,갈리오,서폿,0,4,4.0
84,2021.05.11,3,True,클레드,탑,0,6,15.0
84,2021.05.11,3,False,말파이트,탑,7,3,10.0
84,2021.05.11,3,True,케인,정글,20,10,7.0
84,2021.05.11,3,False,니달리,정글,5,10,14.0
84,2021.05.11,3,True,르블랑,미드,10,9,13.0
84,2021.05.11,3,False,파이크,미드,9,11,10.0
84,2021.05.11,3,True,드레이븐,원딜,8,5,9.0
84,2021.05.11,3,False,하이머딩거,원딜,8,8,16.0
84,2021.05.11,3,True,레오나,서폿,1,7,12.0
84,2021.05.11,3,False,모르가나,서폿,8,7,13.0
85,2021.05.11,1,True,말파이트,탑,4,10,8.0
85,2021.05.11,1,False,클레드,탑,5,7,19.0
85,2021.05.11,1,True,리 신,정글,11,6,13.0
85,2021.05.11,1,False,우르곳,정글,11,7,17.0
85,2021.05.11,1,True,오리아나,미드,2,7,13.0
85,2021.05.11,1,False,빅토르,미드,6,7,15.0
85,2021.05.11,1,True,자야,원딜,19,6,8.0
85,2021.05.11,1,False,카이사,원딜,15,8,13.0
85,2021.05.11,1,True,노틸러스,서폿,4,9,27.0
85,2021.05.11,1,False,렐,서폿,1,11,26.0
86,2021.05.11,2,True,니코,탑,8,0,6.0
86,2021.05.11,2,False,나르,탑,2,4,3.0
86,2021.05.11,2,True,볼리베어,정글,3,1,11.0
86,2021.05.11,2,False,모르가나,정글,1,7,3.0
86,2021.05.11,2,True,클레드,미드,9,2,8.0
86,2021.05.11,2,False,탈론,미드,3,8,2.0
86,2021.05.11,2,True,징크스,원딜,9,3,10.0
86,2021.05.11,2,False,케이틀린,원딜,1,4,3.0
86,2021.05.11,2,True,알리스타,서폿,2,3,18.0
86,2021.05.11,2,False,세트,서폿,1,9,1.0
87,2021.05.11,3,True,오른,탑,1,6,13.0
87,2021.05.11,3,False,카밀,탑,13,6,3.0
87,2021.05.11,3,True,그웬,정글,16,4,6.0
87,2021.05.11,3,False,쉔,정글,6,5,8.0
87,2021.05.11,3,True,파이크,미드,12,6,8.0
87,2021.05.11,3,False,사일러스,미드,1,11,6.0
87,2021.05.11,3,True,이즈리얼,원딜,10,6,6.0
87,2021.05.11,3,False,케이틀린,원딜,6,11,5.0
87,2021.05.11,3,True,벨코즈,서폿,5,6,14.0
87,2021.05.11,3,False,블리츠크랭크,서폿,2,11,11.0
88,2021.05.11,1,True,잭스,탑,8,10,14.0
88,2021.05.11,1,False,쉔,탑,6,7,8.0
88,2021.05.11,1,True,리 신,정글,12,4,12.0
88,2021.05.11,1,False,렉사이,정글,5,10,6.0
88,2021.05.11,1,True,갈리오,미드,6,5,11.0
88,2021.05.11,1,False,르블랑,미드,6,7,11.0
88,2021.05.11,1,True,이즈리얼,원딜,6,3,8.0
88,2021.05.11,1,False,케이틀린,원딜,3,4,10.0
88,2021.05.11,1,True,카르마,서폿,3,7,16.0
88,2021.05.11,1,False,럭스,서폿,9,7,9.0
89,2021.05.11,2,True,나르,탑,5,4,8.0
89,2021.05.11,2,False,클레드,탑,1,5,4.0
89,2021.05.11,2,True,자크,정글,5,2,16.0
89,2021.05.11,2,False,카직스,정글,3,9,2.0
89,2021.05.11,2,True,제라스,미드,11,1,9.0
89,2021.05.11,2,False,갈리오,미드,0,6,4.0
89,2021.05.11,2,True,이즈리얼,원딜,8,4,2.0
89,2021.05.11,2,False,카이사,원딜,7,6,0.0
89,2021.05.11,2,True,노틸러스,서폿,4,0,11.0
89,2021.05.11,2,False,블리츠크랭크,서폿,0,7,5.0
90,2021.05.11,1,True,클레드,탑,2,3,6.0
90,2021.05.11,1,False,사이온,탑,0,4,5.0
90,2021.05.11,1,True,녹턴,정글,7,4,4.0
90,2021.05.11,1,False,렉사이,정글,7,9,4.0
90,2021.05.11,1,True,카타리나,미드,15,6,7.0
90,2021.05.11,1,False,신드라,미드,6,7,3.0
90,2021.05.11,1,True,이즈리얼,원딜,3,0,4.0
90,2021.05.11,1,False,바루스,원딜,2,4,3.0
90,2021.05.11,1,True,쓰레쉬,서폿,3,3,6.0
90,2021.05.11,1,False,카르마,서폿,1,6,3.0
91,2021.05.11,2,True,볼리베어,탑,2,0,3.0
91,2021.05.11,2,False,말파이트,탑,0,2,0.0
91,2021.05.11,2,True,오공,정글,6,1,5.0
91,2021.05.11,2,False,잭스,정글,0,4,2.0
91,2021.05.11,2,True,벨코즈,미드,9,0,1.0
91,2021.05.11,2,False,빅토르,미드,0,8,0.0
91,2021.05.11,2,True,코그모,원딜,3,1,3.0
91,2021.05.11,2,False,트리스타나,원딜,3,4,0.0
91,2021.05.11,2,True,노틸러스,서폿,2,1,7.0
91,2021.05.11,2,False,레오나,서폿,0,4,3.0
92,2021.05.11,3,True,요릭,탑,4,5,12.0
92,2021.05.11,3,False,말파이트,탑,4,5,10.0
92,2021.05.11,3,True,피들스틱,정글,5,7,20.0
92,2021.05.11,3,False,그웬,정글,13,9,7.0
92,2021.05.11,3,True,요네,미드,13,8,13.0
92,2021.05.11,3,False,세트,미드,11,10,6.0
92,2021.05.11,3,True,코그모,원딜,13,7,15.0
92,2021.05.11,3,False,트리스타나,원딜,2,5,2.0
92,2021.05.11,3,True,알리스타,서폿,5,6,24.0
92,2021.05.11,3,False,판테온,서폿,3,12,6.0
93,2021.05.11,1,True,요네,탑,7,5,7.0
93,2021.05.11,1,False,볼리베어,탑,5,7,6.0
93,2021.05.11,1,True,헤카림,정글,3,5,16.0
93,2021.05.11,1,False,그웬,정글,6,8,9.0
93,2021.05.11,1,True,사일러스,미드,15,1,16.0
93,2021.05.11,1,False,다이애나,미드,3,10,4.0
93,2021.05.11,1,True,카이사,원딜,14,2,12.0
93,2021.05.11,1,False,코그모,원딜,4,6,8.0
93,2021.05.11,1,True,쓰레쉬,서폿,5,6,28.0
93,2021.05.11,1,False,노틸러스,서폿,1,13,7.0
94,2021.05.11,2,True,문도 박사,탑,0,3,7.0
94,2021.05.11,2,False,녹턴,탑,0,5,3.0
94,2021.05.11,2,True,그웬,정글,10,1,5.0
94,2021.05.11,2,False,바이,정글,2,2,4.0
94,2021.05.11,2,True,루시안,미드,7,4,4.0
94,2021.05.11,2,False,오리아나,미드,2,4,10.0
94,2021.05.11,2,True,코그모,원딜,2,5,4.0
94,2021.05.11,2,False,사미라,원딜,10,3,3.0
94,2021.05.11,2,True,라칸,서폿,0,4,7.0
94,2021.05.11,2,False,알리스타,서폿,2,5,9.0
95,2021.05.11,3,True,카밀,탑,9,6,13.0
95,2021.05.11,3,False,말파이트,탑,6,5,5.0
95,2021.05.11,3,True,피들스틱,정글,1,6,13.0
95,2021.05.11,3,False,리 신,정글,9,6,9.0
95,2021.05.11,3,True,제드,미드,9,6,2.0
95,2021.05.11,3,False,아리,미드,4,5,14.0
95,2021.05.11,3,True,세나,원딜,5,2,19.0
95,2021.05.11,3,False,케이틀린,원딜,7,5,8.0
95,2021.05.11,3,True,나서스,서폿,3,7,6.0
95,2021.05.11,3,False,쓰레쉬,서폿,1,6,18.0
96,2021.05.11,4,True,문도 박사,탑,1,0,0.0
96,2021.05.11,4,False,아트록스,탑,0,2,0.0
96,2021.05.11,4,True,그레이브즈,정글,10,0,6.0
96,2021.05.11,4,False,리 신,정글,1,4,0.0
96,2021.05.11,4,True,아칼리,미드,5,0,2.0
96,2021.05.11,4,False,갈리오,미드,0,5,0.0
96,2021.05.11,4,True,코그모,원딜,3,1,7.0
96,2021.05.11,4,False,자야,원딜,1,4,1.0
96,2021.05.11,4,True,마오카이,서폿,1,1,12.0
96,2021.05.11,4,False,잔나,서폿,0,5,0.0
97,2021.05.11,5,True,모데카이저,탑,7,6,6.0
97,2021.05.11,5,False,오공,탑,3,5,9.0
97,2021.05.11,5,True,뽀삐,정글,14,3,6.0
97,2021.05.11,5,False,누누와 월럼프,정글,1,7,9.0
97,2021.05.11,5,True,갈리오,미드,4,3,12.0
97,2021.05.11,5,False,요네,미드,6,7,2.0
97,2021.05.11,5,True,코그모,원딜,7,4,12.0
97,2021.05.11,5,False,카이사,원딜,7,5,1.0
97,2021.05.11,5,True,룰루,서폿,0,3,15.0
97,2021.05.11,5,False,블리츠크랭크,서폿,2,8,4.0
98,2021.05.11,1,True,세트,탑,6,2,11.0
98,2021.05.11,1,False,사이온,탑,3,5,3.0
98,2021.05.11,1,True,럼블,정글,3,5,16.0
98,2021.05.11,1,False,킨드레드,정글,10,7,1.0
98,2021.05.11,1,True,애니,미드,6,4,10.0
98,2021.05.11,1,False,루시안,미드,1,6,3.0
98,2021.05.11,1,True,아펠리오스,원딜,12,2,7.0
98,2021.05.11,1,False,자야,원딜,3,5,4.0
98,2021.05.11,1,True,소라카,서폿,1,4,14.0
98,2021.05.11,1,False,룰루,서폿,0,5,7.0
99,2021.05.11,2,True,신 짜오,탑,14,6,7.0
99,2021.05.11,2,False,아트록스,탑,1,15,3.0
99,2021.05.11,2,True,킨드레드,정글,7,5,13.0
99,2021.05.11,2,False,리 신,정글,7,5,10.0
99,2021.05.11,2,True,벨코즈,미드,4,5,16.0
99,2021.05.11,2,False,아칼리,미드,12,5,3.0
99,2021.05.11,2,True,코르키,원딜,11,5,9.0
99,2021.05.11,2,False,자야,원딜,4,6,10.0
99,2021.05.11,2,True,노틸러스,서폿,1,5,14.0
99,2021.05.11,2,False,라칸,서폿,1,6,17.0
100,2020.06.23,1,True,사이온,탑,0,1,6.0
100,2020.06.23,1,False,나르,탑,2,6,3.0
100,2020.06.23,1,True,킨드레드,정글,8,6,16.0
100,2020.06.23,1,False,리 신,정글,4,8,1.0
100,2020.06.23,1,True,카타리나,미드,21,4,7.0
100,2020.06.23,1,False,다이애나,미드,5,11,4.0
100,2020.06.23,1,True,트리스타나,원딜,10,1,7.0
100,2020.06.23,1,False,케이틀린,원딜,2,9,1.0
100,2020.06.23,1,True,노틸러스,서폿,4,1,15.0
100,2020.06.23,1,False,라칸,서폿,0,9,4.0
101,2020.06.23,2,True,사이온,탑,1,6,9.0
101,2020.06.23,2,False,클레드,탑,6,6,11.0
101,2020.06.23,2,True,킨드레드,정글,6,7,14.0
101,2020.06.23,2,False,신짜오,정글,6,6,8.0
101,2020.06.23,2,True,제라스,미드,15,3,10.0
101,2020.06.23,2,False,갈리오,미드,4,7,5.0
101,2020.06.23,2,True,이즈리얼,원딜,8,1,10.0
101,2020.06.23,2,False,사미라,원딜,5,6,8.0
101,2020.06.23,2,True,렐,서폿,3,6,18.0
101,2020.06.23,2,False,레오나,서폿,2,8,9.0
102,2020.06.23,3,True,말파이트,탑,3,3,3.0
102,2020.06.23,3,False,클레드,탑,2,3,2.0
102,2020.06.23,3,True,뽀삐,정글,4,3,11.0
102,2020.06.23,3,False,트런들,정글,2,7,2.0
102,2020.06.23,3,True,카타리나,미드,11,2,7.0
102,2020.06.23,3,False,아칼리,미드,2,8,1.0
102,2020.06.23,3,True,이즈리얼,원딜,5,2,5.0
102,2020.06.23,3,False,카이사,원딜,3,2,1.0
102,2020.06.23,3,True,자이라,서폿,2,1,10.0
102,2020.06.23,3,False,마오카이,서폿,1,6,1.0
103,2021.06.24,1,True,사일러스,탑,5,2,8.0
103,2021.06.24,1,False,뽀삐,탑,4,8,2.0
103,2021.06.24,1,True,녹턴,정글,13,1,12.0
103,2021.06.24,1,False,헤카림,정글,6,4,3.0
103,2021.06.24,1,True,갈리오,미드,2,5,11.0
103,2021.06.24,1,False,르블랑,미드,1,5,5.0
103,2021.06.24,1,True,이즈리얼,원딜,12,2,7.0
103,2021.06.24,1,False,루시안,원딜,2,9,6.0
103,2021.06.24,1,True,레오나,서폿,2,5,16.0
103,2021.06.24,1,False,렐,서폿,2,8,7.0
104,2021.06.24,2,True,케넨,탑,12,4,4.0
104,2021.06.24,2,False,오른,탑,1,7,5.0
104,2021.06.24,2,True,볼리베어,정글,3,3,9.0
104,2021.06.24,2,False,뽀삐,정글,3,3,6.0
104,2021.06.24,2,True,요네,미드,8,4,6.0
104,2021.06.24,2,False,럭스,미드,2,9,5.0
104,2021.06.24,2,True,이즈리얼,원딜,5,2,9.0
104,2021.06.24,2,False,아펠리오스,원딜,12,5,6.0
104,2021.06.24,2,True,레오나,서폿,0,8,6.0
104,2021.06.24,2,False,쓰레쉬,서폿,3,4,15.0
105,2021.06.24,3,True,오른,탑,1,1,7.0
105,2021.06.24,3,False,말파이트,탑,2,4,4.0
105,2021.06.24,3,True,뽀삐,정글,7,6,14.0
105,2021.06.24,3,False,피들스틱,정글,3,7,7.0
105,2021.06.24,3,True,애니,미드,15,6,13.0
105,2021.06.24,3,False,야스오,미드,9,10,6.0
105,2021.06.24,3,True,코그모,원딜,8,3,12.0
105,2021.06.24,3,False,카이사,원딜,5,5,5.0
105,2021.06.24,3,True,마오카이,서폿,5,5,19.0
105,2021.06.24,3,False,레오나,서폿,2,11,11.0
106,2021.06.25,1,True,녹턴,탑,6,2,2.0
106,2021.06.25,1,False,갈리오,탑,0,8,2.0
106,2021.06.25,1,True,세주아니,정글,2,3,11.0
106,2021.06.25,1,False,헤카림,정글,5,6,1.0
106,2021.06.25,1,True,카타리나,미드,13,2,6.0
106,2021.06.25,1,False,르블랑,미드,3,7,2.0
106,2021.06.25,1,True,카이사,원딜,5,2,5.0
106,2021.06.25,1,False,자야,원딜,2,6,2.0
106,2021.06.25,1,True,럭스,서폿,4,1,6.0
106,2021.06.25,1,False,라칸,서폿,0,3,5.0
107,2021.06.25,2,True,말파이트,탑,2,6,8.0
107,2021.06.25,2,False,사일러스,탑,9,8,8.0
107,2021.06.25,2,True,볼리베어,정글,1,4,11.0
107,2021.06.25,2,False,엘리스,정글,5,4,9.0
107,2021.06.25,2,True,요네,미드,9,4,9.0
107,2021.06.25,2,False,쉬바나,미드,5,3,8.0
107,2021.06.25,2,True,아펠리오스,원딜,11,3,6.0
107,2021.06.25,2,False,코그모,원딜,2,8,7.0
107,2021.06.25,2,True,세라핀,서폿,5,4,20.0
107,2021.06.25,2,False,애쉬,서폿,0,5,8.0
108,2021.06.25,3,True,모데카이저,탑,1,2,6.0
108,2021.06.25,3,False,오른,탑,0,6,2.0
108,2021.06.25,3,True,킨드레드,정글,8,4,12.0
108,2021.06.25,3,False,비에고,정글,8,9,5.0
108,2021.06.25,3,True,오리아나,미드,11,6,12.0
108,2021.06.25,3,False,니코,미드,4,7,2.0
108,2021.06.25,3,True,코그모,원딜,13,1,9.0
108,2021.06.25,3,False,이즈리얼,원딜,4,6,5.0
108,2021.06.25,3,True,레오나,서폿,1,4,24.0
108,2021.06.25,3,False,노틸러스,서폿,0,6,8.0
109,2021.07.09,1,True,오공,탑,7,2,8.0
109,2021.07.09,1,False,오른,탑,2,7,4.0
109,2021.07.09,1,True,녹턴,정글,11,4,9.0
109,2021.07.09,1,False,볼리베어,정글,5,8,4.0
109,2021.07.09,1,True,벨코즈,미드,6,4,13.0
109,2021.07.09,1,False,제라스,미드,2,5,6.0
109,2021.07.09,1,True,코그모,원딜,4,4,6.0
109,2021.07.09,1,False,트위치,원딜,13,4,5.0
109,2021.07.09,1,True,소라카,서폿,0,10,6.0
109,2021.07.09,1,False,노틸러스,서폿,2,4,5.0
110,2021.07.09,2,True,피오라,탑,6,2,3.0
110,2021.07.09,2,False,세트,탑,1,6,0.0
110,2021.07.09,2,True,자르반 4세,정글,10,0,5.0
110,2021.07.09,2,False,릴리아,정글,1,3,2.0
110,2021.07.09,2,True,오리아나,미드,5,0,6.0
110,2021.07.09,2,False,요네,미드,0,8,0.0
110,2021.07.09,2,True,코그모,원딜,2,4,2.0
110,2021.07.09,2,False,진,원딜,5,2,2.0
110,2021.07.09,2,True,룰루,서폿,0,3,5.0
110,2021.07.09,2,False,레오나,서폿,1,4,3.0
111,2021.07.09,3,True,클레드,탑,9,4,12.0
111,2021.07.09,3,False,녹턴,탑,2,10,2.0
111,2021.07.09,3,True,그레이브즈,정글,3,7,10.0
111,2021.07.09,3,False,피들스틱,정글,3,6,7.0
111,2021.07.09,3,True,제라스,미드,8,2,7.0
111,2021.07.09,3,False,루시안,미드,1,6,6.0
111,2021.07.09,3,True,자야,원딜,6,1,4.0
111,2021.07.09,3,False,사미라,원딜,7,2,2.0
111,2021.07.09,3,True,노틸러스,서폿,1,2,1.0
111,2021.07.09,3,False,레오나,서폿,3,3,7.0
112,2021.07.09,1,True,말파이트,탑,6,6,11.0
112,2021.07.09,1,False,레넥톤,탑,10,7,12.0
112,2021.07.09,1,True,비에고,정글,9,12,9.0
112,2021.07.09,1,False,문도 박사,정글,5,5,20.0
112,2021.07.09,1,True,오리아나,미드,5,11,20.0
112,2021.07.09,1,False,제드,미드,11,9,15.0
112,2021.07.09,1,True,이즈리얼,원딜,21,5,9.0
112,2021.07.09,1,False,진,원딜,10,7,8.0
112,2021.07.09,1,True,럭스,서폿,0,7,27.0
112,2021.07.09,1,False,파이크,서폿,5,13,8.0
113,2021.07.09,2,True,말파이트,탑,5,1,16.0
113,2021.07.09,2,False,오른,탑,2,5,4.0
113,2021.07.09,2,True,볼리베어,정글,7,6,9.0
113,2021.07.09,2,False,킨드레드,정글,8,8,8.0
113,2021.07.09,2,True,다이애나,미드,4,9,8.0
113,2021.07.09,2,False,아리,미드,12,8,5.0
113,2021.07.09,2,True,베인,원딜,11,2,11.0
113,2021.07.09,2,False,애쉬,원딜,2,6,6.0
113,2021.07.09,2,True,파이크,서폿,6,6,9.0
113,2021.07.09,2,False,갈리오,서폿,0,6,5.0
114,2021.07.09,3,True,클레드,탑,8,3,13.0
114,2021.07.09,3,False,판테온,탑,3,7,1.0
114,2021.07.09,3,True,리 신,정글,10,2,9.0
114,2021.07.09,3,False,누누와 윌럼프,정글,0,9,10.0
114,2021.07.09,3,True,트위스티드 페이트,미드,4,3,15.0
114,2021.07.09,3,False,카타리나,미드,10,8,1.0
114,2021.07.09,3,True,카이사,원딜,8,2,9.0
114,2021.07.09,3,False,제라스,원딜,3,4,9.0
114,2021.07.09,3,True,노틸러스,서폿,1,7,3.0
114,2021.07.09,3,False,레오나,서폿,1,3,5.0
115,2021.07.09,4,True,이렐리아,탑,7,4,7.0
115,2021.07.09,4,False,사이온,탑,1,3,5.0
115,2021.07.09,4,True,세트,정글,3,4,17.0
115,2021.07.09,4,False,헤카림,정글,5,6,6.0
115,2021.07.09,4,True,사일러스,미드,15,4,8.0
115,2021.07.09,4,False,오리아나,미드,3,9,5.0
115,2021.07.09,4,True,징크스,원딜,5,6,7.0
115,2021.07.09,4,False,칼리스타,원딜,19,5,4.0
115,2021.07.09,4,True,룰루,서폿,0,11,9.0
115,2021.07.09,4,False,쓰레쉬,서폿,1,7,21.0
116,2021.07.09,1,True,베인,탑,8,9,6.0
116,2021.07.09,1,False,케넨,탑,6,4,10.0
116,2021.07.09,1,True,세주아니,정글,2,4,15.0
116,2021.07.09,1,False,리 신,정글,4,7,6.0
116,2021.07.09,1,True,사일러스,미드,5,2,12.0
116,2021.07.09,1,False,아칼리,미드,1,6,6.0
116,2021.07.09,1,True,트리스타나,원딜,8,1,9.0
116,2021.07.09,1,False,카이사,원딜,7,3,1.0
116,2021.07.09,1,True,노틸러스,서폿,1,3,9.0
116,2021.07.09,1,False,알리스타,서폿,0,4,7.0
117,2021.07.09,1,True,카밀,탑,2,6,2.0
117,2021.07.09,1,False,비에고,탑,1,4,10.0
117,2021.07.09,1,True,헤카림,정글,3,6,8.0
117,2021.07.09,1,False,그레이브즈,정글,11,6,8.0
117,2021.07.09,1,True,에코,미드,1,7,6.0
117,2021.07.09,1,False,아리,미드,5,4,12.0
117,2021.07.09,1,True,아펠리오스,원딜,18,6,4.0
117,2021.07.09,1,False,베인,원딜,7,7,7.0
117,2021.07.09,1,True,라칸,서폿,3,4,20.0
117,2021.07.09,1,False,파이크,서폿,5,6,8.0
118,2021.07.09,2,True,사일러스,탑,8,1,4.0
118,2021.07.09,2,False,카밀,탑,1,6,0.0
118,2021.07.09,2,True,비에고,정글,2,1,5.0
118,2021.07.09,2,False,리 신,정글,0,5,3.0
118,2021.07.09,2,True,오리아나,미드,2,0,10.0
118,2021.07.09,2,False,그웬,미드,0,4,0.0
118,2021.07.09,2,True,진,원딜,3,3,4.0
118,2021.07.09,2,False,징크스,원딜,4,2,1.0
118,2021.07.09,2,True,파이크,서폿,5,0,1.0
118,2021.07.09,2,False,노틸러스,서폿,0,3,5.0
119,2021.07.09,3,True,말파이트,탑,4,6,13.0
119,2021.07.09,3,False,트런들,탑,5,9,9.0
119,2021.07.09,3,True,뽀삐,정글,7,8,14.0
119,2021.07.09,3,False,피들스틱,정글,8,5,15.0
119,2021.07.09,3,True,오리아나,미드,3,9,27.0
119,2021.07.09,3,False,루시안,미드,10,9,7.0
119,2021.07.09,3,True,아펠리오스,원딜,11,9,12.0
119,2021.07.09,3,False,카이사,원딜,16,8,13.0
119,2021.07.09,3,True,브랜드,서폿,14,12,11.0
119,2021.07.09,3,False,라칸,서폿,4,8,28.0
120,2021.07.09,1,True,베인,탑,7,9,4.0
120,2021.07.09,1,False,모데카이저,탑,5,4,2.0
120,2021.07.09,1,True,볼리베어,정글,1,6,5.0
120,2021.07.09,1,False,리 신,정글,10,2,10.0
120,2021.07.09,1,True,아리,미드,4,3,3.0
120,2021.07.09,1,False,갈리오,미드,1,2,7.0
120,2021.07.09,1,True,이즈리얼,원딜,2,5,4.0
120,2021.07.09,1,False,카이사,원딜,10,5,8.0
120,2021.07.09,1,True,알리스타,서폿,1,5,8.0
120,2021.07.09,1,False,레오나,서폿,2,2,13.0
121,2021.07.09,2,True,요릭,탑,5,4,7.0
121,2021.07.09,2,False,사이온,탑,0,3,6.0
121,2021.07.09,2,True,리 신,정글,9,5,7.0
121,2021.07.09,2,False,마스터 이,정글,14,7,10.0
121,2021.07.09,2,True,라이즈,미드,6,5,11.0
121,2021.07.09,2,False,아리,미드,5,1,7.0
121,2021.07.09,2,True,트리스타나,원딜,3,7,8.0
121,2021.07.09,2,False,코그모,원딜,6,7,11.0
121,2021.07.09,2,True,노틸러스,서폿,1,7,9.0
121,2021.07.09,2,False,알리스타,서폿,3,7,17.0
122,2021.07.09,3,True,쉔,탑,4,2,12.0
122,2021.07.09,3,False,세트,탑,2,4,1.0
122,2021.07.09,3,True,비에고,정글,5,0,7.0
122,2021.07.09,3,False,엘리스,정글,4,2,3.0
122,2021.07.09,3,True,카사딘,미드,3,3,10.0
122,2021.07.09,3,False,오리아나,미드,1,5,7.0
122,2021.07.09,3,True,사미라,원딜,7,1,8.0
122,2021.07.09,3,False,애쉬,원딜,2,4,4.0
122,2021.07.09,3,True,노틸러스,서폿,1,4,12.0
122,2021.07.09,3,False,쓰레쉬,서폿,1,6,7.0
123,2021.07.09,4,True,사이온,탑,1,6,17.0
123,2021.07.09,4,False,사일러스,탑,7,6,6.0
123,2021.07.09,4,True,렉사이,정글,8,8,11.0
123,2021.07.09,4,False,뽀삐,정글,1,5,15.0
123,2021.07.09,4,True,요네,미드,6,7,10.0
123,2021.07.09,4,False,갈리오,미드,4,6,11.0
123,2021.07.09,4,True,베인,원딜,13,6,6.0
123,2021.07.09,4,False,카이사,원딜,14,5,16.0
123,2021.07.09,4,True,노틸러스,서폿,0,9,9.0
123,2021.07.09,4,False,파이크,서폿,9,6,13.0
124,2021.07.09,5,True,가렌,탑,1,4,9.0
124,2021.07.09,5,False,세트,탑,3,6,4.0
124,2021.07.09,5,True,비에고,정글,12,4,9.0
124,2021.07.09,5,False,올라프,정글,5,5,7.0
124,2021.07.09,5,True,요네,미드,5,4,5.0
124,2021.07.09,5,False,리산드라,미드,1,7,8.0
124,2021.07.09,5,True,카시오페아,원딜,13,1,11.0
124,2021.07.09,5,False,진,원딜,7,6,5.0
124,2021.07.09,5,True,노틸러스,서폿,2,4,22.0
124,2021.07.09,5,False,마오카이,서폿,1,9,9.0
125,2021.08.16,1,True,쉔,탑,0,3,11.0
125,2021.08.16,1,False,오른,탑,0,4,6.0
125,2021.08.16,1,True,그레이브즈,정글,13,1,6.0
125,2021.08.16,1,False,헤카림,정글,6,7,11.0
125,2021.08.16,1,True,카타리나,미드,13,7,7.0
125,2021.08.16,1,False,조이,미드,1,8,6.0
125,2021.08.16,1,True,베인,원딜,5,8,8.0
125,2021.08.16,1,False,사미라,원딜,9,6,8.0
125,2021.08.16,1,True,레오나,서폿,2,4,10.0
125,2021.08.16,1,False,파이크,서폿,6,8,9.0
126,2021.08.16,2,True,요릭,탑,0,7,4.0
126,2021.08.16,2,False,리 신,탑,6,7,11.0
126,2021.08.16,2,True,뽀삐,정글,3,6,13.0
126,2021.08.16,2,False,바이,정글,5,3,9.0
126,2021.08.16,2,True,카타리나,미드,20,5,5.0
126,2021.08.16,2,False,아칼리,미드,4,7,3.0
126,2021.08.16,2,True,자야,원딜,8,6,6.0
126,2021.08.16,2,False,아펠리오스,원딜,12,4,7.0
126,2021.08.16,2,True,레오나,서폿,1,5,8.0
126,2021.08.16,2,False,파이크,서폿,2,11,11.0
127,2021.08.16,3,True,케넨,탑,3,6,5.0
127,2021.08.16,3,False,말파이트,탑,3,4,5.0
127,2021.08.16,3,True,스카너,정글,2,7,8.0
127,2021.08.16,3,False,킨드레드,정글,16,8,3.0
127,2021.08.16,3,True,이렐리아,미드,18,5,5.0
127,2021.08.16,3,False,오리아나,미드,2,8,10.0
127,2021.08.16,3,True,이즈리얼,원딜,3,4,9.0
127,2021.08.16,3,False,트리스타나,원딜,9,5,7.0
127,2021.08.16,3,True,럭스,서폿,1,8,7.0
127,2021.08.16,3,False,노틸러스,서폿,0,2,15.0
128,2021.08.23,1,True,말파이트,탑,4,6,8.0
128,2021.08.23,1,False,세트,탑,4,7,6.0
128,2021.08.23,1,True,스카너,정글,1,5,12.0
128,2021.08.23,1,False,리 신,정글,14,5,8.0
128,2021.08.23,1,True,빅토르,미드,2,10,12.0
128,2021.08.23,1,False,조이,미드,8,7,11.0
128,2021.08.23,1,True,사미라,원딜,24,7,3.0
128,2021.08.23,1,False,코그모,원딜,5,7,9.0
128,2021.08.23,1,True,알리스타,서폿,2,4,26.0
128,2021.08.23,1,False,쓰레쉬,서폿,0,7,19.0
129,2021.08.23,2,True,베인,탑,8,5,8.0
129,2021.08.23,2,False,케넨,탑,3,6,4.0
129,2021.08.23,2,True,킨드레드,정글,8,7,11.0
129,2021.08.23,2,False,릴리아,정글,3,5,13.0
129,2021.08.23,2,True,오리아나,미드,5,5,8.0
129,2021.08.23,2,False,이렐리아,미드,4,5,5.0
129,2021.08.23,2,True,이즈리얼,원딜,2,4,10.0
129,2021.08.23,2,False,바루스,원딜,11,4,10.0
129,2021.08.23,2,True,레오나,서폿,1,5,9.0
129,2021.08.23,2,False,노틸러스,서폿,5,4,12.0
130,2021.08.23,3,True,오공,탑,20,2,12.0
130,2021.08.23,3,False,클레드,탑,2,9,3.0
130,2021.08.23,3,True,자르반 4세,정글,6,5,21.0
130,2021.08.23,3,False,리 신,정글,7,9,9.0
130,2021.08.23,3,True,카사딘,미드,11,3,5.0
130,2021.08.23,3,False,사일러스,미드,7,11,1.0
130,2021.08.23,3,True,미스 포츈,원딜,3,7,12.0
130,2021.08.23,3,False,이즈리얼,원딜,2,5,9.0
130,2021.08.23,3,True,노틸러스,서폿,3,4,11.0
130,2021.08.23,3,False,쓰레쉬,서폿,3,9,6.0
131,2022.07.16,1,True,요네,탑,5,2,3.0
131,2022.07.16,1,False,케넨,탑,4,5,6.0
131,2022.07.16,1,True,탈론,정글,3,3,8.0
131,2022.07.16,1,False,그레이브즈,정글,3,4,7.0
131,2022.07.16,1,True,벡스,미드,6,8,7.0
131,2022.07.16,1,False,아리,미드,7,4,9.0
131,2022.07.16,1,True,이즈리얼,원딜,7,3,8.0
131,2022.07.16,1,False,드레이븐,원딜,6,5,5.0
131,2022.07.16,1,True,카르마,서폿,1,5,13.0
131,2022.07.16,1,False,누누와 윌럼프,서폿,1,4,11.0
132,2022.07.16,2,True,나르,탑,14,3,9.0
132,2022.07.16,2,False,갱플랭크,탑,3,13,1.0
132,2022.07.16,2,True,비에고,정글,3,6,13.0
132,2022.07.16,2,False,볼리베어,정글,7,2,11.0
132,2022.07.16,2,True,르블랑,미드,11,4,8.0
132,2022.07.16,2,False,아리,미드,6,13,3.0
132,2022.07.16,2,True,루시안,원딜,6,6,4.0
132,2022.07.16,2,False,이즈리얼,원딜,11,5,7.0
132,2022.07.16,2,True,사이온,서폿,2,9,7.0
132,2022.07.16,2,False,노틸러스,서폿,1,3,19.0
133,2022.07.16,3,True,카밀,탑,8,3,4.0
133,2022.07.16,3,False,케일,탑,0,8,4.0
133,2022.07.16,3,True,아무무,정글,2,2,12.0
133,2022.07.16,3,False,트런들,정글,3,4,4.0
133,2022.07.16,3,True,제드,미드,10,5,4.0
133,2022.07.16,3,False,카사딘,미드,4,6,2.0
133,2022.07.16,3,True,드레이븐,원딜,10,1,7.0
133,2022.07.16,3,False,카이사,원딜,4,7,3.0
133,2022.07.16,3,True,쓰레쉬,서폿,2,1,14.0
133,2022.07.16,3,False,룰루,서폿,1,7,4.0
134,2022.07.17,1,True,베인,탑,14,9,6.0
134,2022.07.17,1,False,말파이트,탑,1,6,8.0
134,2022.07.17,1,True,뽀삐,정글,2,4,15.0
134,2022.07.17,1,False,녹턴,정글,5,9,7.0
134,2022.07.17,1,True,벡스,미드,2,7,12.0
134,2022.07.17,1,False,사일러스,미드,11,6,6.0
134,2022.07.17,1,True,드레이븐,원딜,10,4,6.0
134,2022.07.17,1,False,징크스,원딜,9,6,3.0
134,2022.07.17,1,True,블리츠크랭크,서폿,6,4,14.0
134,2022.07.17,1,False,카르마,서폿,2,7,11.0
135,2022.07.17,2,True,베인,탑,0,0,3.0
135,2022.07.17,2,False,세트,탑,0,1,0.0
135,2022.07.17,2,True,아무무,정글,2,0,6.0
135,2022.07.17,2,False,엘리스,정글,0,2,0.0
135,2022.07.17,2,True,카타리나,미드,8,1,2.0
135,2022.07.17,2,False,판테온,미드,1,3,0.0
135,2022.07.17,2,True,자야,원딜,1,1,6.0
135,2022.07.17,2,False,드레이븐,원딜,2,2,0.0
135,2022.07.17,2,True,쓰레쉬,서폿,1,1,5.0
135,2022.07.17,2,False,레오나,서폿,0,4,3.0
136,2022.07.17,3,True,트런들,탑,5,3,3.0
136,2022.07.17,3,False,뽀삐,탑,3,4,4.0
136,2022.07.17,3,True,녹턴,정글,7,5,6.0
136,2022.07.17,3,False,비에고,정글,4,7,0.0
136,2022.07.17,3,True,벡스,미드,5,4,4.0
136,2022.07.17,3,False,아지르,미드,4,8,6.0
136,2022.07.17,3,True,베인,원딜,14,2,3.0
136,2022.07.17,3,False,루시안,원딜,5,6,3.0
136,2022.07.17,3,True,쓰레쉬,서폿,0,2,14.0
136,2022.07.17,3,False,세트,서폿,0,6,7.0
137,2022.07.18,1,True,신 짜오,탑,16,4,1.0
137,2022.07.18,1,False,나르,탑,4,6,5.0
137,2022.07.18,1,True,비에고,정글,11,3,7.0
137,2022.07.18,1,False,누누와 윌럼프,정글,1,8,6.0
137,2022.07.18,1,True,갈리오,미드,2,1,9.0
137,2022.07.18,1,False,오리아나,미드,2,7,2.0
137,2022.07.18,1,True,이즈리얼,원딜,4,4,7.0
137,2022.07.18,1,False,사미라,원딜,6,6,1.0
137,2022.07.18,1,True,애쉬,서폿,0,2,19.0
137,2022.07.18,1,False,럭스,서폿,1,6,6.0
138,2022.07.18,2,True,요네,탑,9,10,12.0
138,2022.07.18,2,False,케인,탑,11,8,7.0
138,2022.07.18,2,True,트런들,정글,11,3,18.0
138,2022.07.18,2,False,렉사이,정글,8,9,8.0
138,2022.07.18,2,True,갈리오,미드,6,3,13.0
138,2022.07.18,2,False,신드라,미드,1,9,6.0
138,2022.07.18,2,True,코그모,원딜,13,4,8.0
138,2022.07.18,2,False,시비르,원딜,3,7,15.0
138,2022.07.18,2,True,아무무,서폿,1,6,22.0
138,2022.07.18,2,False,모르가나,서폿,3,7,11.0
139,2022.07.18,3,True,워윅,탑,11,2,2.0
139,2022.07.18,3,False,이렐리아,탑,2,6,2.0
139,2022.07.18,3,True,피들스틱,정글,4,3,12.0
139,2022.07.18,3,False,세주아니,정글,2,3,4.0
139,2022.07.18,3,True,키아나,미드,2,9,4.0
139,2022.07.18,3,False,아칼리,미드,9,6,2.0
139,2022.07.18,3,True,아펠리오스,원딜,6,1,8.0
139,2022.07.18,3,False,케이틀린,원딜,5,5,2.0
139,2022.07.18,3,True,쓰레쉬,서폿,1,3,10.0
139,2022.07.18,3,False,노틸러스,서폿,0,4,7.0
140,2022.07.18,4,True,세트,탑,3,2,4.0
140,2022.07.18,4,False,탐 켄치,탑,3,6,3.0
140,2022.07.18,4,True,킨드레드,정글,13,3,12.0
140,2022.07.18,4,False,잭스,정글,5,8,6.0
140,2022.07.18,4,True,아지르,미드,6,6,14.0
140,2022.07.18,4,False,조이,미드,2,7,8.0
140,2022.07.18,4,True,코그모,원딜,10,5,10.0
140,2022.07.18,4,False,제리,원딜,9,6,6.0
140,2022.07.18,4,True,룰루,서폿,2,4,18.0
140,2022.07.18,4,False,쓰레쉬,서폿,1,7,11.0
141,2022.07.18,5,True,모데카이저,탑,4,5,4.0
141,2022.07.18,5,False,세트,탑,3,4,3.0
141,2022.07.18,5,True,녹턴,정글,6,2,9.0
141,2022.07.18,5,False,탈리야,정글,3,8,6.0
141,2022.07.18,5,True,코르키,미드,3,1,10.0
141,2022.07.18,5,False,아지르,미드,2,4,2.0
141,2022.07.18,5,True,베인,원딜,14,1,6.0
141,2022.07.18,5,False,징크스,원딜,3,9,5.0
141,2022.07.18,5,True,세라핀,서폿,3,3,17.0
141,2022.07.18,5,False,노틸러스,서폿,1,5,5.0
142,2022.07.19,1,True,카밀,탑,6,4,9.0
142,2022.07.19,1,False,신 짜오,탑,6,8,0.0
142,2022.07.19,1,True,비에고,정글,13,3,7.0
142,2022.07.19,1,False,마스터 이,정글,0,5,3.0
142,2022.07.19,1,True,신드라,미드,4,1,9.0
142,2022.07.19,1,False,갈리오,미드,0,6,4.0
142,2022.07.19,1,True,진,원딜,9,4,16.0
142,2022.07.19,1,False,애쉬,원딜,4,9,4.0
142,2022.07.19,1,True,쓰레쉬,서폿,1,1,16.0
142,2022.07.19,1,False,세라핀,서폿,3,5,6.0
143,2022.07.19,2,True,말파이트,탑,3,3,4.0
143,2022.07.19,2,False,피오라,탑,3,5,0.0
143,2022.07.19,2,True,볼리베어,정글,5,0,9.0
143,2022.07.19,2,False,뽀삐,정글,2,5,1.0
143,2022.07.19,2,True,아리,미드,1,4,8.0
143,2022.07.19,2,False,카사딘,미드,2,2,1.0
143,2022.07.19,2,True,시비르,원딜,14,1,7.0
143,2022.07.19,2,False,사미라,원딜,2,7,0.0
143,2022.07.19,2,True,블리츠크랭크,서폿,1,1,16.0
143,2022.07.19,2,False,쓰레쉬,서폿,0,5,1.0
144,2022.07.19,3,True,루시안,탑,14,6,12.0
144,2022.07.19,3,False,세트,탑,4,8,7.0
144,2022.07.19,3,True,헤카림,정글,6,14,16.0
144,2022.07.19,3,False,세주아니,정글,6,6,23.0
144,2022.07.19,3,True,신드라,미드,12,7,18.0
144,2022.07.19,3,False,베이가,미드,10,8,14.0
144,2022.07.19,3,True,시비르,원딜,8,6,13.0
144,2022.07.19,3,False,베인,원딜,4,9,11.0
144,2022.07.19,3,True,잔나,서폿,2,5,28.0
144,2022.07.19,3,False,파이크,서폿,14,11,6.0
145,2022.07.19,4,True,세트,탑,0,5,10.0
145,2022.07.19,4,False,케인,탑,8,12,6.0
145,2022.07.19,4,True,피들스틱,정글,7,8,24.0
145,2022.07.19,4,False,비에고,정글,5,8,8.0
145,2022.07.19,4,True,벡스,미드,16,7,9.0
145,2022.07.19,4,False,아지르,미드,7,10,9.0
145,2022.07.19,4,True,제리,원딜,19,2,21.0
145,2022.07.19,4,False,루시안,원딜,5,9,5.0
145,2022.07.19,4,True,레나타 글라스크,서폿,6,5,31.0
145,2022.07.19,4,False,쓰레쉬,서폿,2,9,10.0
146,2022.07.19,5,True,이렐리아,탑,5,3,9.0
146,2022.07.19,5,False,말파이트,탑,2,5,2.0
146,2022.07.19,5,True,녹턴,정글,9,1,10.0
146,2022.07.19,5,False,킨드레드,정글,5,6,2.0
146,2022.07.19,5,True,제드,미드,6,3,11.0
146,2022.07.19,5,False,신드라,미드,3,8,0.0
146,2022.07.19,5,True,애쉬,원딜,10,5,10.0
146,2022.07.19,5,False,사미라,원딜,6,7,1.0
146,2022.07.19,5,True,카르마,서폿,1,4,16.0
146,2022.07.19,5,False,레오나,서폿,0,5,10.0
147,2023.05.11,1,True,세주아니,탑,3,3,9.0
147,2023.05.11,1,False,오른,탑,1,4,5.0
147,2023.05.11,1,True,니달리,정글,2,3,11.0
147,2023.05.11,1,False,사일러스,정글,3,11,9.0
147,2023.05.11,1,True,레넥톤,미드,3,3,8.0
147,2023.05.11,1,False,제드,미드,7,6,6.0
147,2023.05.11,1,True,카이사,원딜,16,3,10.0
147,2023.05.11,1,False,이즈리얼,원딜,7,4,5.0
147,2023.05.11,1,True,파이크,서폿,9,9,5.0
147,2023.05.11,1,False,니코,서폿,3,8,8.0
148,2023.05.11,2,True,케일,탑,3,2,4.0
148,2023.05.11,2,False,오른,탑,1,0,4.0
148,2023.05.11,2,True,리 신,정글,6,3,8.0
148,2023.05.11,2,False,헤카림,정글,5,8,4.0
148,2023.05.11,2,True,럼블,미드,4,1,7.0
148,2023.05.11,2,False,르블랑,미드,2,3,1.0
148,2023.05.11,2,True,징크스,원딜,10,4,6.0
148,2023.05.11,2,False,아펠리오스,원딜,3,8,1.0
148,2023.05.11,2,True,노틸러스,서폿,1,2,10.0
148,2023.05.11,2,False,제라스,서폿,1,5,8.0
149,2023.12.20,1,True,그웬,탑,9,3,3.0
149,2023.12.20,1,False,세주아니,탑,4,6,0.0
149,2023.12.20,1,True,녹턴,정글,8,2,11.0
149,2023.12.20,1,False,브라이어,정글,0,10,5.0
149,2023.12.20,1,True,요네,미드,7,2,10.0
149,2023.12.20,1,False,레넥톤,미드,3,7,3.0
149,2023.12.20,1,True,베인,원딜,7,3,8.0
149,2023.12.20,1,False,바루스,원딜,2,4,6.0
149,2023.12.20,1,True,제라스,서폿,3,3,9.0
149,2023.12.20,1,False,애쉬,서폿,4,7,3.0
150,2023.12.20,2,True,말파이트,탑,2,3,7.0
150,2023.12.20,2,False,크산테,탑,2,4,3.0
150,2023.12.20,2,True,녹턴,정글,8,4,9.0
150,2023.12.20,2,False,세주아니,정글,4,6,5.0
150,2023.12.20,2,True,니코,미드,8,6,13.0
150,2023.12.20,2,False,신드라,미드,9,8,5.0
150,2023.12.20,2,True,징크스,원딜,12,3,7.0
150,2023.12.20,2,False,자야,원딜,3,6,3.0
150,2023.12.20,2,True,브라움,서폿,1,2,20.0
150,2023.12.20,2,False,카르마,서폿,0,7,11.0
151,2023.12.20,3,True,요네,탑,14,6,8.0
151,2023.12.20,3,False,그웬,탑,4,7,8.0
151,2023.12.20,3,True,아무무,정글,2,7,18.0
151,2023.12.20,3,False,탈리야,정글,13,4,11.0
151,2023.12.20,3,True,오리아나,미드,12,4,16.0
151,2023.12.20,3,False,아리,미드,4,11,9.0
151,2023.12.20,3,True,케이틀린,원딜,7,4,9.0
151,2023.12.20,3,False,루시안,원딜,8,6,7.0
151,2023.12.20,3,True,레오나,서폿,2,9,14.0
151,2023.12.20,3,False,노틸러스,서폿,1,9,11.0
152,2025.01.17,1,True,카시오페아,탑,13,1,10.0
152,2025.01.17,1,False,가렌,탑,8,4,2.0
152,2025.01.17,1,True,헤카림,정글,4,6,13.0
152,2025.01.17,1,False,자르반 4세,정글,1,9,6.0
152,2025.01.17,1,True,제라스,미드,3,3,10.0
152,2025.01.17,1,False,카이사,미드,5,4,2.0
152,2025.01.17,1,True,미스 포츈,원딜,16,3,10.0
152,2025.01.17,1,False,이즈리얼,원딜,1,9,5.0
152,2025.01.17,1,True,렐,서폿,0,2,19.0
152,2025.01.17,1,False,노틸러스,서폿,0,10,3.0
153,2025.01.17,2,True,나르,탑,2,4,8.0
153,2025.01.17,2,False,신 짜오,탑,3,6,1.0
153,2025.01.17,2,True,세주아니,정글,7,2,13.0
153,2025.01.17,2,False,트런들,정글,2,6,4.0
153,2025.01.17,2,True,아칼리,미드,9,2,2.0
153,2025.01.17,2,False,사일러스,미드,3,8,2.0
153,2025.01.17,2,True,코르키,원딜,11,1,14.0
153,2025.01.17,2,False,루시안,원딜,1,3,2.0
153,2025.01.17,2,True,브라움,서폿,2,1,23.0
153,2025.01.17,2,False,레오나,서폿,1,8,2.0
154,2025.01.17,3,True,티모,탑,12,4,6.0
154,2025.01.17,3,False,제이스,탑,2,5,10.0
154,2025.01.17,3,True,리 신,정글,8,4,14.0
154,2025.01.17,3,False,헤카림,정글,2,12,5.0
154,2025.01.17,3,True,말파이트,미드,3,3,9.0
154,2025.01.17,3,False,아지르,미드,5,8,9.0
154,2025.01.17,3,True,베인,원딜,11,6,10.0
154,2025.01.17,3,False,징크스,원딜,7,7,9.0
154,2025.01.17,3,True,레나타 글라스크,서폿,3,4,25.0
154,2025.01.17,3,False,블리츠크랭크,서폿,3,5,12.0
155,2025.04.18,1,True,세주아니,탑,1,2,14.0
155,2025.04.18,1,False,우디르,탑,4,8,1.0
155,2025.04.18,1,True,그레이브즈,정글,15,2,5.0
155,2025.04.18,1,False,바이,정글,6,6,4.0
155,2025.04.18,1,True,아칼리,미드,5,5,4.0
155,2025.04.18,1,False,아리,미드,3,5,9.0
155,2025.04.18,1,True,자야,원딜,8,4,10.0
155,2025.04.18,1,False,코그모,원딜,4,5,4.0
155,2025.04.18,1,True,라칸,서폿,1,4,23.0
155,2025.04.18,1,False,브라움,서폿,0,6,10.0
156,2025.04.18,2,True,세트,탑,8,5,9.0
156,2025.04.18,2,False,클레드,탑,4,8,2.0
156,2025.04.18,2,True,그웬,정글,15,2,8.0
156,2025.04.18,2,False,신짜오,정글,6,7,9.0
156,2025.04.18,2,True,갈리오,미드,2,7,15.0
156,2025.04.18,2,False,빅토르,미드,3,5,2.0
156,2025.04.18,2,True,징크스,원딜,6,4,9.0
156,2025.04.18,2,False,루시안,원딜,7,7,5.0
156,2025.04.18,2,True,마오카이,서폿,5,4,20.0
156,2025.04.18,2,False,파이크,서폿,2,9,11.0
157,2025.04.18,3,True,레넥톤,탑,9,4,6.0
157,2025.04.18,3,False,카밀,탑,5,6,5.0
157,2025.04.18,3,True,녹턴,정글,12,2,9.0
157,2025.04.18,3,False,헤카림,정글,8,8,9.0
157,2025.04.18,3,True,사일러스,미드,9,4,12.0
157,2025.04.18,3,False,신드라,미드,4,8,7.0
157,2025.04.18,3,True,트리스타나,원딜,9,3,9.0
157,2025.04.18,3,False,제리,원딜,1,9,2.0
157,2025.04.18,3,True,알리스타,서폿,1,6,21.0
157,2025.04.18,3,False,렐,서폿,1,9,7.0
158,2025.04.18,4,True,쉔,탑,4,4,11.0
158,2025.04.18,4,False,잭스,탑,4,5,0.0
158,2025.04.18,4,True,킨드레드,정글,12,4,9.0
158,2025.04.18,4,False,니달리,정글,4,10,3.0
158,2025.04.18,4,True,탈리야,미드,16,3,16.0
158,2025.04.18,4,False,그라가스,미드,0,12,3.0
158,2025.04.18,4,True,카이사,원딜,14,2,11.0
158,2025.04.18,4,False,나서스,원딜,6,10,3.0
158,2025.04.18,4,True,노틸러스,서폿,0,3,20.0
158,2025.04.18,4,False,세나,서폿,2,9,8.0
